,,,,Median thresholds,,,,,,,,,,,25% lower thresholds,,,,,,,,,,,25% higher thresholds,,,,,,,,,
,,,,,,,,,,,,,,,,,,,,,,,,,,,,,,,,,,,
Region,Model,Scenario,Year,Feasibility indicator,,,,,,,,,,,Feasibility indicator,,,,,,,,,,,Feasibility indicator,,,,,,,,,
,,,,Carbon price,Demand ind,Demand bld,Demand trn,Tech power,Tech ind,Tech bld,Tech trn,Biomass,CCS,,Carbon price,Demand ind,Demand bld,Demand trn,Tech power,Tech ind,Tech bld,Tech trn,Biomass,CCS,,Carbon price,Demand ind,Demand bld,Demand trn,Tech power,Tech ind,Tech bld,Tech trn,Biomass,CCS
,,,,Feasibility concern value is derived by dividing the model output value by the threshold value and subtract it by 1,,,,,,,,,,,Feasibility concern value is derived by dividing the model output value by the threshold value and subtract it by 1,,,,,,,,,,,Feasibility concern value is derived by dividing the model output value by the threshold value and subtract it by 1,,,,,,,,,
,,,,,,,,,,,,,,,,,,,,,,,,,,,,,,,,,,,
World,GCAM-PR 5.3,CP_EI,2030,0,0.024222024,0,0.004352537,0.92483819,0.092162563,0.243972085,0.010382454,0.036899537,0,,0,0.050109569,0.004246077,0.010299626,1.733659123,0.177224531,0.491137314,0.061888147,0.044679055,0,,0,0.00590821,0,0.001049944,0.415527521,0.052072439,0.126293114,0,0.028176874,0
World,GCAM-PR 5.3,CP_EI,2040,0,0,0,0,0.190723298,0.005694533,0.007777472,0.000875459,0.111166627,0,,0,0,0,0,0.446990628,0.023582233,0.047394246,0.02346516,0.156866455,13.90769643,,0,0,0,0,0.065860296,0.001519799,0.000212027,0.000119959,0.06513227,0
World,GCAM-PR 5.3,CP_EI,2050,0,0,0,0,0.527446381,0.003971971,0.047773099,0.018860694,0.24183383,844.5964741,,0,0,0,0,1.122657325,0.016084569,0.123789805,0.056172929,0.3288554,2105.560788,,0,0,0,0,0.195471009,0,0.005851286,0,0.158305545,254.3424939
,,,,,,,,,,,,,,,,,,,,,,,,,,,,,,,,,,,
World,GCAM-PR 5.3,NDC_EI,2030,0.000679821,0.021676965,0,0.006288764,1.847360935,0.135264358,0.254364333,0.017107452,0.115794839,14.06803692,,0.001728034,0.045452241,0.006267201,0.033477953,3.275015322,0.266452558,0.561737544,0.074245205,0.152682298,31.70526385,,0,0.003994633,0,0.001574846,0.8789447,0.057711618,0.116814592,0,0.075332197,5.142567276
World,GCAM-PR 5.3,NDC_EI,2040,0.006919728,0,0,0,0.93719764,0.052019795,0.040930804,0.001427334,0.335413454,719.25693,,0.045416343,0,0,0,1.765422849,0.142065105,0.143574168,0.030433615,0.434938515,2035.263674,,0.003988305,0,0,0,0.481466748,0.016390827,0.006088979,4.61E-06,0.234534247,294.5134541
World,GCAM-PR 5.3,NDC_EI,2050,0.002404948,0,0,0,0.69672182,0.031151284,0.073709158,0.014801151,0.504716376,9209.519215,,0.009791492,0,0,0,1.343080205,0.106970019,0.190519595,0.07543627,0.665776303,19584.52098,,0.00036486,0,0,0,0.318261274,0.009345113,0.010395431,0.005223404,0.349234634,3858.091326
,,,,,,,,,,,,,,,,,,,,,,,,,,,,,,,,,,,
World,GCAM-PR 5.3,NDC_LTS,2030,0.000679821,0.021676965,0,0.006288764,1.847360935,0.135264358,0.254364333,0.017107452,0.115659347,14.06803692,,0.001728034,0.045452241,0.006267201,0.033477953,3.275015322,0.266452558,0.561737544,0.074245205,0.152530807,31.70526385,,0,0.003994633,0,0.001574846,0.8789447,0.057711618,0.116814592,0,0.075214751,5.142567276
World,GCAM-PR 5.3,NDC_LTS,2040,0.041058784,0,0,0,1.996323166,0.149042604,0.102084771,0.001593432,0.489403679,1880.47516,,0.107655887,0,0.002852958,0,3.384029949,0.346676076,0.271512964,0.034168837,0.616536717,4724.253116,,0.003677864,0,0,0,1.089838978,0.040205869,0.0242126,0,0.359874184,745.5816398
World,GCAM-PR 5.3,NDC_LTS,2050,0.044817641,0,0,0,1.444108244,0.337590647,0.133979511,0.076810588,0.905673819,25017.0973,,0.1156465,0,0,0,2.513739065,0.694994316,0.347241852,0.222701571,1.152161068,50365.41354,,0.007993396,0,0,0,0.756443657,0.116689467,0.026628385,0.016030399,0.665540166,11809.12123
,,,,,,,,,,,,,,,,,,,,,,,,,,,,,,,,,,,
World,GEMINI-E3 7.0,CP_EI,2030,0,0.08582252,0.037120626,0.002684774,0.297618372,0.170992154,0,0,0,0,,0,0.193151322,0.073125824,0.024138397,0.581953795,0.332294861,0,0,0,0,,0,0.030099129,0.012607154,0,0.129455879,0.050924725,0,0,0,0
World,GEMINI-E3 7.0,CP_EI,2040,0,0.058187965,0.024685601,0.014160619,0.531009493,0,0,0,0,0,,0.023382151,0.110471216,0.065801397,0.04216673,0.995249141,0,0,0,0,0,,0,0.019270358,0.003942936,0,0.278019576,0,0,0,0,0
World,GEMINI-E3 7.0,CP_EI,2050,0,0.016038101,0,0,0.074045165,0,0,0.006493048,0,0,,0.017865248,0.104930156,0.031282539,0.002304764,0.280422984,0,0,0.084976057,0,6.113032951,,0,0,0,0,0,0,0,0,0,0
,,,,,,,,,,,,,,,,,,,,,,,,,,,,,,,,,,,
World,GEMINI-E3 7.0,NDC_EI,2030,0,0.137953961,0.080890335,0.021830196,0.438128596,0.17619337,0,0,0,0,,0,0.286580608,0.158682098,0.074247891,0.838566179,0.342235258,0,0,0,0,,0,0.05925964,0.035080754,0.004494527,0.178625475,0.052598281,0,0,0,0
World,GEMINI-E3 7.0,NDC_EI,2040,0.014976582,0.117939148,0.074632985,0.081351593,0.674301642,0,0,0,0,0,,0.063547731,0.203368414,0.145626863,0.154585008,1.323401001,0,0.036059762,0,0,0,,0,0.055639619,0.027078656,0.029823125,0.315797241,0,0,0,0,0
World,GEMINI-E3 7.0,NDC_EI,2050,0.023991997,0.020005507,0,0,0.147184717,0,0,0.057740039,0,0,,0.071532981,0.110220031,0.028675875,0.021415093,0.432322332,0,0,0.188701709,0,14.02864678,,0.001872792,0,0,0,0.02405811,0,0,0.002124225,0,0
,,,,,,,,,,,,,,,,,,,,,,,,,,,,,,,,,,,
World,GEMINI-E3 7.0,NDC_LTS,2030,0,0.098988248,0.05685802,0.02009907,0.434107311,0.175347269,0,0,0,0,,0,0.237535235,0.126685921,0.051900206,0.830814839,0.340703733,0,0,0,0,,0,0.030635743,0.023981985,0.004676127,0.177121832,0.052262382,0,0,0,0
World,GEMINI-E3 7.0,NDC_LTS,2040,0.129707982,0.28430486,0.198557485,0.212248272,1.240047964,0,0.036954854,0,0,0,,0.280672826,0.513834293,0.336666469,0.371196081,2.148795293,0.002096618,0.13625564,0,0,0,,0.037643071,0.151405334,0.099953207,0.099666054,0.584311941,0,0,0,0,0
World,GEMINI-E3 7.0,NDC_LTS,2050,0.842659501,0.297581349,0.170469386,0.259354303,0.803999579,0.008376905,0.080777845,0.330110306,0,88.34943414,,1.261072662,0.53372873,0.342926507,0.410742821,1.559773522,0.035185347,0.226188859,0.59621589,0,281.9271148,,0.551798453,0.149344855,0.087804454,0.149104507,0.417640385,0,0.000510796,0.167454111,0,0
,,,,,,,,,,,,,,,,,,,,,,,,,,,,,,,,,,,
World,MUSE,CP_EI,2030,0.756191495,0.416508817,0.002456358,0.069639832,0.831015555,0.005123826,0,0.083938953,0,0,,1.058710645,0.753563669,0.008688521,0.144768521,1.259780806,0.007970396,0.00078064,0.21245155,0,0,,0.549701986,0.196115247,0.000321611,0.032476579,0.522189296,0.00300495,0,0.009737279,0,0
World,MUSE,CP_EI,2040,0.597773831,0.782645152,0.064135349,0.179137961,0.523241499,0.000726744,0.07336935,0.241799289,0,0,,0.963683628,1.256664209,0.211868846,0.329902041,1.034815355,0.001937984,0.143400787,0.399302922,0,0,,0.325810578,0.446761863,0.008240475,0.073269695,0.202513027,0,0.021240687,0.129043541,0,0
World,MUSE,CP_EI,2050,0.216975019,0.789307231,0.093293378,0,0.402896471,0.018751506,0.115562217,0,0,103.8290209,,0.398398974,1.24959352,0.251235083,0,0.854907281,0.044766005,0.233880127,0,0,295.4146939,,0.123355869,0.469037883,0.030832367,0,0.196755283,0.008162126,0.028881577,0,0,12.17588231
,,,,,,,,,,,,,,,,,,,,,,,,,,,,,,,,,,,
World,MUSE,NDC_EI,2030,1.56018389,0.407040177,0.032515578,0.058055185,0.947241609,0.005076142,0,0.152294686,0.132436068,5.672875993,,2.212867816,0.715218437,0.069864759,0.103039728,1.465807906,0.011280316,0.002914679,0.359098229,0.171470313,11.86351883,,1.074351493,0.193385297,0.009570801,0.032404425,0.590091014,0.002976986,0,0.034758999,0.099723231,2.472378224
World,MUSE,NDC_EI,2040,0.879119355,0.775173614,0.092370434,0.197812683,0.849366657,0.000712251,0.075284374,0.441920347,0.022271777,145.6891686,,1.372063722,1.243730184,0.249515627,0.341884676,1.552533283,0.032248265,0.14986258,0.703963462,0.043144753,275.4165706,,0.518664145,0.432863731,0.008925553,0.091496632,0.427830986,0,0.021795093,0.247606446,0.006266305,75.95187679
World,MUSE,NDC_EI,2050,0.403171625,0.728950342,0.092977652,0.004279485,0.351218361,0.061429475,0.118300088,0.025450902,0.046444119,741.166077,,0.639311635,1.15716842,0.22111077,0.007109832,0.932494657,0.138807969,0.235879503,0.063549321,0.070435943,1737.920742,,0.255722454,0.426941678,0.030832367,0.002172685,0.104861988,0.010300967,0.030778569,0,0.023589941,242.5796528
,,,,,,,,,,,,,,,,,,,,,,,,,,,,,,,,,,,
World,MUSE,NDC_LTS,2030,1.593160444,0.420147829,0.04544249,0.058055185,0.932876739,0.005076142,0.006379585,0.152294686,0.146517367,6.693335631,,2.260369214,0.738147747,0.091237263,0.103039728,1.445409449,0.011280316,0.013556619,0.360215624,0.187257351,14.29217324,,1.098353355,0.199182089,0.016317096,0.032404425,0.583534954,0.002976986,0.001816743,0.034758999,0.111899575,2.932233943
World,MUSE,NDC_LTS,2040,3.409622082,0.723403319,0.113373708,0.165317513,0.930492173,0.056873403,0.185372302,0.54331675,0.205437111,223.7454203,,4.852578231,1.152644193,0.277519992,0.294675753,1.710764759,0.137072232,0.346395525,0.937986893,0.258894843,440.4709706,,2.33554194,0.413903514,0.007241052,0.070067106,0.433530555,0.010719696,0.075831553,0.296449071,0.150743264,114.8174755
World,MUSE,NDC_LTS,2050,3.290792277,0.656498018,0.103041995,0,0.886309039,0.250402709,0.288278724,0.301133169,0.367669814,1649.691173,,4.694138492,1.036022353,0.214390721,0,1.684415778,0.477451124,0.461484019,0.595697239,0.469032783,3735.103475,,2.246196223,0.385777443,0.037834834,0,0.348239787,0.102253325,0.164637454,0.092486641,0.267587774,613.0879907
,,,,,,,,,,,,,,,,,,,,,,,,,,,,,,,,,,,
World,TIAM_Grantham,CP_EI,2030,0.097767686,0.102179075,0.003515609,0.138727628,2.26829285,0.036889272,0.042276609,0.063123623,0.091845942,0,,0.164964527,0.158256291,0.009409811,0.224131569,3.517373712,0.096881513,0.068128011,0.135281864,0.118731528,0,,0.04891904,0.060437389,0,0.075156274,1.459081134,0.011768304,0.023033837,0.017585822,0.062115839,0
World,TIAM_Grantham,CP_EI,2040,0.127915041,0,0,0,0.620941217,0.049675383,0.100274889,0.138776785,0.011376505,0,,0.203707484,0,0,0,1.105011846,0.13423548,0.167950508,0.289496136,0.032948182,0,,0.071586225,0,0,0,0.329085089,0.008524865,0.049899804,0.067396976,0,0
World,TIAM_Grantham,CP_EI,2050,0,0.024498359,0,0,0.794010163,0.226088314,0,0.302421558,0,0,,0.029201991,0.087657814,0,0.015014548,1.452749457,0.351816407,0.026364768,0.679485333,0.002623983,0,,0,0,0,0,0.379227142,0.143903878,0,0.090229275,0,0
,,,,,,,,,,,,,,,,,,,,,,,,,,,,,,,,,,,
World,TIAM_Grantham,NDC_EI,2030,0.367353859,0.122263925,0.003913316,0.182165507,2.657864952,0.04545488,0.036812855,0.281473521,0.126241959,0,,0.559074267,0.188665872,0.010818822,0.287522091,4.13932439,0.12683153,0.060447161,0.462854085,0.164885603,0,,0.236641232,0.074429464,0,0.103742184,1.657569419,0.009058419,0.022047296,0.149319445,0.083857108,0
World,TIAM_Grantham,NDC_EI,2040,0.230692473,0,0,0,0.752728959,0.066716414,0.048804572,0.584245344,0.038396897,0,,0.400768853,0,0,0,1.302342887,0.223153736,0.143787285,0.974997294,0.069904812,0,,0.137144412,0,0,0,0.375476712,0.020532979,0.011083062,0.339675328,0.012144003,0
World,TIAM_Grantham,NDC_EI,2050,0.000363829,0.000777201,0,0,0.672437485,0.214228004,0,0.216555845,0.0007648,347.5908426,,0.012492629,0.053956713,0,0,1.214914993,0.393343688,0,0.516117665,0.023526552,796.2113286,,0,0,0,0,0.297820999,0.13523272,0,0.065192668,0,121.8601403
,,,,,,,,,,,,,,,,,,,,,,,,,,,,,,,,,,,
World,TIAM_Grantham,NDC_LTS,2030,0.367353859,0.122263925,0.003913316,0.182165507,2.657864952,0.04545488,0.036812855,0.281473521,0.126241959,0,,0.559074267,0.188665872,0.010818822,0.287522091,4.13932439,0.12683153,0.060447161,0.462854085,0.164885603,0,,0.236641232,0.074429464,0,0.103742184,1.657569419,0.009058419,0.022047296,0.149319445,0.083857108,0
World,TIAM_Grantham,NDC_LTS,2040,0.495144023,0,0,0,2.089498889,0.075524531,0.021366077,0.545646231,0.047863577,21.34504599,,0.866005474,0,0,0,3.277341499,0.183715306,0.109135749,1.081652705,0.086678447,88.18136241,,0.253899142,0,0,0,1.252877432,0.019619345,0,0.247785886,0.019426908,6.999146892
World,TIAM_Grantham,NDC_LTS,2050,0.112359748,0.060495904,0,0,1.073288653,0.422000646,0.016683189,1.071078705,0.035909452,3028.169213,,0.212505364,0.135177817,0,0,1.766636617,0.784149776,0.097965029,1.976388635,0.068255739,5986.0661,,0.044440852,0.005789404,0,0,0.585523863,0.188660811,0,0.521563026,0.0059995,1458.928428
,,,,,,,,,,,,,,,,,,,,,,,,,,,,,,,,,,,
,,,,,,,,,,,,,,,,,,,,,,,,,,,,,,,,,,,
China,GCAM-PR 5.3,CP_EI,2030,0,0,0,0,0.686247962,0,0,0,0,0,,0,0,0,0,1.58166395,0.069011329,0.299593762,0,0,0,,0,0,0,0,0.219887452,0,0,0,0,0
China,GCAM-PR 5.3,CP_EI,2040,0,0,0,0,0,0,0,0,0.222358905,0,,0,0,0,0,0.10652027,0,0,0,0.331644916,0,,0,0,0,0,0,0,0,0,0.113390917,0
China,GCAM-PR 5.3,CP_EI,2050,0,0,0,0,1.359826995,0,0,0,0.612330685,0.273251019,,0,0,0,0,2.479769327,0,0,0,0.866889947,0.643036764,,0,0,0,0,0.526185711,0,0,0,0.371429448,0.088466034
,,,,,,,,,,,,,,,,,,,,,,,,,,,,,,,,,,,
China,GCAM-PR 5.3,NDC_EI,2030,0,0,0,0,0.623902073,0,0,0,0.10302282,0,,0,0,0,0,1.498536097,0,0.293516855,0,0.144930149,0,,0,0,0,0,0.179312186,0,0,0,0.056980329,0
China,GCAM-PR 5.3,NDC_EI,2040,0,0,0,0,0.017771755,0,0,0,0.510922376,0,,0,0,0,0,0.534960821,0,0,0,0.657758375,0.117875307,,0,0,0,0,0,0,0,0,0.362118018,0
China,GCAM-PR 5.3,NDC_EI,2050,0,0,0,0,1.961558594,0,0,0,0.854892942,1.050942659,,0,0,0,0,3.282078126,0,0,0,1.12919724,2.245131595,,0,0,0,0,0.978615485,0,0,0,0.592043127,0.435964022
,,,,,,,,,,,,,,,,,,,,,,,,,,,,,,,,,,,
China,GCAM-PR 5.3,NDC_LTS,2030,0,0,0,0,0.623902073,0,0,0,0.102855981,0,,0,0,0,0,1.498536097,0,0.293516855,0,0.144746679,0,,0,0,0,0,0.179312186,0,0,0,0.056832371,0
China,GCAM-PR 5.3,NDC_LTS,2040,0,0,0,0,1.011864038,0,0,0,0.7521892,0.129860368,,0,0,0,0,2.099024896,0,0.019734789,0,0.938811912,0.470957356,,0,0,0,0,0.264559427,0,0,0,0.561903698,0
China,GCAM-PR 5.3,NDC_LTS,2050,0,0,0,0,2.868433619,0.302390671,0,0,1.235218494,2.300098472,,0,0,0,0,4.491244825,0.736520894,0.061908574,0,1.578681017,4.582000466,,0,0,0,0,1.660476405,0,0,0,0.90334193,1.093387477
,,,,,,,,,,,,,,,,,,,,,,,,,,,,,,,,,,,
China,GEMINI-E3 7.0,CP_EI,2030,0,0.145784232,0,0,0.479769974,0.546447514,0,0,0,0,,0,0.52771231,0,0,0.973026632,1.061930018,0,0,0,0,,0,0,0,0,0.112609003,0.162742491,0,0,0,0
China,GEMINI-E3 7.0,CP_EI,2040,0,0,0,0,1.424674422,0,0,0,0,0,,0,0,0,0,2.550948305,0,0,0,0,0,,0,0,0,0,0.823063475,0,0,0,0,0
China,GEMINI-E3 7.0,CP_EI,2050,0,0.050240671,0,0,0.203318232,0,0,0,0,0,,0,0.400320895,0.099824457,0,0.604424309,0,0,0,0,0,,0,0,0,0,0,0,0,0,0,0
,,,,,,,,,,,,,,,,,,,,,,,,,,,,,,,,,,,
China,GEMINI-E3 7.0,NDC_EI,2030,0,0.142736108,0,0,0.482396239,0.547299461,0,0,0,0,,0,0.523648145,0,0,0.976528318,1.063065948,0,0,0,0,,0,0,0,0,0.114583638,0.163383053,0,0,0,0
China,GEMINI-E3 7.0,NDC_EI,2040,0,0,0,0,1.426051191,0,0,0,0,0,,0,0,0,0,2.553889316,0,0,0,0,0,,0,0,0,0,0.82409864,0,0,0,0,0
China,GEMINI-E3 7.0,NDC_EI,2050,0,0.050439538,0,0,0.204964213,0,0,0,0,0,,0,0.40058605,0.106063704,0,0.60661895,0,0,0,0,0,,0,0,0,0,0,0,0,0,0,0
,,,,,,,,,,,,,,,,,,,,,,,,,,,,,,,,,,,
China,GEMINI-E3 7.0,NDC_LTS,2030,0,0.147127411,0,0,0.482365041,0.546726455,0,0,0,0,,0,0.529503215,0,0,0.976486722,1.062301939,0,0,0,0,,0,0,0,0,0.114560182,0.162952221,0,0,0,0
China,GEMINI-E3 7.0,NDC_LTS,2040,0,0,0,0,1.850730276,0,0,0,0,0,,0,0,0,0,3.134307035,0,0.064268393,0,0,0,,0,0,0,0,0.895285922,0,0,0,0,0
China,GEMINI-E3 7.0,NDC_LTS,2050,0,0.255530539,0.021384637,0,0.193839683,0,0,0,0,0,,0,0.674040719,0.361846182,0,0.591786244,0,0,0,0,0,,0,0,0,0,0,0,0,0,0,0
,,,,,,,,,,,,,,,,,,,,,,,,,,,,,,,,,,,
China,MUSE,CP_EI,2030,0,0,0,0,0,0,0,0,0,0,,0,0,0,0,0,0,0,0,0,0,,0,0,0,0,0,0,0,0,0,0
China,MUSE,CP_EI,2040,0.332586547,0,0.18100537,0,0.404993652,0,0.536620015,0,0,0,,0.776782063,0,0.574673827,0,0.87332487,0,1.048826686,0,0,0,,0.001944772,0,0,0,0.056386205,0,0.155353395,0,0,0
China,MUSE,CP_EI,2050,0,0,0.59038423,0,0.041989843,0,1.02547488,0,0,0.067417064,,0.155647516,0,1.120512307,0,0.389319791,0,2.033966507,0,0,0.191815268,,0,0,0.195777617,0,0,0,0.274793143,0,0,0.007905904
,,,,,,,,,,,,,,,,,,,,,,,,,,,,,,,,,,,
China,MUSE,NDC_EI,2030,0,0,0,0,0,0,0,0,0.003594777,0,,0,0,0,0,0,0,0,0,0.016711863,0,,0,0,0,0,0,0,0,0,0,0
China,MUSE,NDC_EI,2040,0.332586547,0,0.18100537,0,0.404993652,0,0.536620015,0,0,0,,0.776782063,0,0.574673827,0,0.87332487,0,1.048826686,0,0,0,,0.001944772,0,0,0,0.056386205,0,0.155353395,0,0,0
China,MUSE,NDC_EI,2050,0,0,0.59038423,0,0.041989843,0,1.02547488,0,0,0.142373579,,0.069588659,0,1.120512307,0,0.643439007,0,2.033966507,0,0,0.401879304,,0,0,0.195777617,0,0,0,0.274793143,0,0,0.018040205
,,,,,,,,,,,,,,,,,,,,,,,,,,,,,,,,,,,
China,MUSE,NDC_LTS,2030,0,0,0,0,0,0,0,0,0.003657844,0,,0,0,0,0,0,0,0,0,0.017005054,0,,0,0,0,0,0,0,0,0,0,0
China,MUSE,NDC_LTS,2040,1.84387244,0,0.229413026,0,1.082099027,0,0.981900452,0.100022728,0,0,,2.79182992,0,0.639217368,0,1.776132036,0,1.642533937,0.46669697,0,0,,1.138249955,0,0,0,0.56548799,0,0.490150716,0,0,0
China,MUSE,NDC_LTS,2050,2.42083959,0,0.595814574,0,1.747847404,0,2.74927676,0.740311439,0,0.312060656,,3.561119453,0,1.127752766,0,2.997129872,0,4.332369013,1.653748585,0,0.737248325,,1.572059842,0,0.199860582,0,0.817930379,0,1.570884782,0.081910959,0,0.099821267
,,,,,,,,,,,,,,,,,,,,,,,,,,,,,,,,,,,
China,TIAM_Grantham,CP_EI,2030,0,0,0,0,2.43904388,0,0,0,0.175375771,0,,0,0,0,0,3.600047372,0,0,0,0.223201455,0,,0,0,0,0,1.585747278,0,0,0,0.122551845,0
China,TIAM_Grantham,CP_EI,2040,0,0,0,0,0,0,0,0.057853475,0.024729946,0,,0,0,0,0,0.214976649,0,0,0.4104713,0.070093108,0,,0,0,0,0,0,0,0,0,0,0
China,TIAM_Grantham,CP_EI,2050,0,0.148168869,0,0,0.44096934,0,0,0.479102044,0,0,,0,0.530891825,0,0,0.921292453,0.054082491,0,0.972136058,0.006186718,0,,0,0,0,0,0.083435594,0,0,0.1121068,0,0
,,,,,,,,,,,,,,,,,,,,,,,,,,,,,,,,,,,
China,TIAM_Grantham,NDC_EI,2030,0,0,0,0,2.602236196,0,0,0,0.213959871,0,,0,0,0,0,4.136314928,0,0,0,0.270138062,0,,0,0,0,0,1.668387669,0,0,0,0.151872109,0
China,TIAM_Grantham,NDC_EI,2040,0,0.050147692,0,0,0,0,0,0,0.109234163,0,,0,0.400196923,0,0,0.041147009,0,0,0.269323098,0.184638595,0,,0,0,0,0,0,0,0,0,0.034548106,0
China,TIAM_Grantham,NDC_EI,2050,0,0,0,0,0.605118225,0,0,0,0.002235829,0,,0,0.323238651,0,0,1.140157633,0.328741028,0,0.314664954,0.068777938,0,,0,0,0,0,0.206855808,0,0,0,0,0
,,,,,,,,,,,,,,,,,,,,,,,,,,,,,,,,,,,
China,TIAM_Grantham,NDC_LTS,2030,0,0,0,0,2.602236196,0,0,0,0.213959871,0,,0,0,0,0,4.136314928,0,0,0,0.270138062,0,,0,0,0,0,1.668387669,0,0,0,0.151872109,0
China,TIAM_Grantham,NDC_LTS,2040,0,0,0,0,0.548618543,0,0,0.255862843,0.129074095,0,,0,0,0,0,1.064824725,0,0,0.67448379,0.206007018,0,,0,0,0,0,0.164374845,0,0,0,0.052675086,0
China,TIAM_Grantham,NDC_LTS,2050,0,0.378696745,0,0,0.730705499,0.757504483,0,1.37241795,0.106781013,0,,0,0.838262327,0,0,1.307607332,1.343339311,0,2.496557266,0.202966536,0,,0,0.036614094,0,0,0.30128233,0.321431942,0,0.535652594,0.017840225,0
,,,,,,,,,,,,,,,,,,,,,,,,,,,,,,,,,,,
,,,,,,,,,,,,,,,,,,,,,,,,,,,,,,,,,,,
USA,GCAM-PR 5.3,CP_EI,2030,0,0,0,0,0.599684218,0,0,0,0,0,,0,0,0,0,1.13291229,0,0,0,0,0,,0,0,0,0,0.202770088,0,0,0,0,0
USA,GCAM-PR 5.3,CP_EI,2040,0,0,0,0,0,0,0,0,0,0,,0,0,0,0,0,0,0,0,0,0,,0,0,0,0,0,0,0,0,0,0
USA,GCAM-PR 5.3,CP_EI,2050,0,0,0,0,0.084755069,0,0,0,0,0,,0,0,0,0,0.643723158,0,0,0,0,0,,0,0,0,0,0,0,0,0,0,0
,,,,,,,,,,,,,,,,,,,,,,,,,,,,,,,,,,,
USA,GCAM-PR 5.3,NDC_EI,2030,0,0,0,0,3.296287207,0.220138202,0.032173534,0,0.15527752,0,,0,0,0,0.267334866,5.728382943,0.626850937,0.376231379,0,0.220014317,0,,0,0,0,0,1.485930231,0,0,0,0.085899008,0
USA,GCAM-PR 5.3,NDC_EI,2040,0,0,0,0,1.60433716,0.068464076,0,0,0.415533817,0,,0,0,0,0,2.643825087,0.424618768,0,0,0.5504453,0.102467197,,0,0,0,0,0.95814824,0,0,0,0.280060437,0
USA,GCAM-PR 5.3,NDC_EI,2050,0,0,0,0,0,0,0,0,0.566697488,0.388330778,,0,0,0,0,0.118079046,0,0,0.058779019,0.752959855,1.067154918,,0,0,0,0,0,0,0,0,0.386126883,0.061374232
,,,,,,,,,,,,,,,,,,,,,,,,,,,,,,,,,,,
USA,GCAM-PR 5.3,NDC_LTS,2030,0,0,0,0,3.296287207,0.220138202,0.032173534,0,0.15519472,0,,0,0,0,0.267334866,5.728382943,0.626850937,0.376231379,0,0.219918156,0,,0,0,0,0,1.485930231,0,0,0,0.085830849,0
USA,GCAM-PR 5.3,NDC_LTS,2040,0,0,0,0,2.073396629,0.398743664,0,0,0.546040393,0,,0,0,0,0,3.342103087,0.864991552,0.154652725,0,0.706382665,0.16391824,,0,0,0,0,1.310824533,0.051686965,0,0,0.384417799,0
USA,GCAM-PR 5.3,NDC_LTS,2050,0,0,0,0,0.241768662,0,0,0,0.880903799,0.724177761,,0,0,0,0,0.65569155,0,0,0.134208563,1.135286517,1.780363646,,0,0,0,0,0,0,0,0,0.632664966,0.202483124
,,,,,,,,,,,,,,,,,,,,,,,,,,,,,,,,,,,
USA,GEMINI-E3 7.0,CP_EI,2030,0,0,0,0,0,0,0,0,0,0,,0,0,0,0,0.221800172,0,0,0,0,0,,0,0,0,0,0,0,0,0,0,0
USA,GEMINI-E3 7.0,CP_EI,2040,0,0.421836648,0.006436366,0,0,0,0,0,0,0,,0,0.895782198,0.341915155,0.096489889,0.096288852,0,0,0,0,0,,0,0.069050111,0,0,0,0,0,0,0,0
USA,GEMINI-E3 7.0,CP_EI,2050,0,0.19433217,0,0,0,0,0,0,0,0,,0,0.592442894,0.252836113,0.058016938,0,0,0,0.162788914,0,0,,0,0,0,0,0,0,0,0,0,0
,,,,,,,,,,,,,,,,,,,,,,,,,,,,,,,,,,,
USA,GEMINI-E3 7.0,NDC_EI,2030,0,1.290640011,1.089440867,0.472123424,0.788378027,0,0,0,0,0,,0,2.054186681,1.785921155,0.962831232,1.71783737,0,0,0,0,0,,0,0.722285722,0.57100817,0.106859717,0.293636065,0,0,0,0,0
USA,GEMINI-E3 7.0,NDC_EI,2040,0,1.575009732,1.037997893,1.237121703,1.087908438,0,0,0,0,0,,0,2.43334631,1.717330523,1.982828937,2.416056564,0,0.262837694,0,0,0,,0,0.936097543,0.532329243,0.682046393,0.321735668,0,0,0,0,0
USA,GEMINI-E3 7.0,NDC_EI,2050,0,0.260715968,0,0,0,0,0,0.349495941,0,0,,0,0.680954624,0.119070267,0.25934729,0,0,0,0.799327922,0,0,,0,0,0,0,0,0,0,0.014658602,0,0
,,,,,,,,,,,,,,,,,,,,,,,,,,,,,,,,,,,
USA,GEMINI-E3 7.0,NDC_LTS,2030,0,1.298746458,1.088345001,0.477865887,0.78611083,0,0,0,0,0,,0,2.064995277,1.784460002,0.970487849,1.71481444,0,0,0,0,0,,0,0.728380795,0.570184211,0.111177359,0.292612412,0,0,0,0,0
USA,GEMINI-E3 7.0,NDC_LTS,2040,0.154517834,2.08702496,1.5347401,1.943608142,1.996811167,0,0.242143267,0,0,0,,0.539357111,3.11603328,2.379653467,2.924810856,3.662414889,0,0.656191022,0,0,0,,0,1.321071399,0.905819624,1.213239205,0.840109528,0,0,0,0,0
USA,GEMINI-E3 7.0,NDC_LTS,2050,2.722154662,2.122395063,1.297747383,1.820977899,0.043663145,0,0.273720685,2.13286795,0,0,,3.962872883,3.163193417,2.063663178,2.761303865,0.715267059,0,0.698294247,3.177157267,0,0,,1.798612528,1.347665461,0.727629611,1.121036014,0,0,0,1.355539812,0,0
,,,,,,,,,,,,,,,,,,,,,,,,,,,,,,,,,,,
USA,MUSE,CP_EI,2030,0,0.058174312,0,0.074705292,0.548131139,0,0,0.330882353,0,0,,0,0.410899082,0,0.432940389,1.111989444,0,0,0.774509804,0,0,,0,0,0,0,0.164008375,0,0,0.000663423,0,0
USA,MUSE,CP_EI,2040,0,0,0.600325491,1.090169092,0,0,0,1.512343067,0,0,,0,0,1.133767321,1.786892123,0.240854551,0,0,2.349790756,0,0,,0,0,0.203252249,0.571555708,0,0,0,0.888979749,0,0
USA,MUSE,CP_EI,2050,0,0,0,0,1.273019668,0,0,0,0,0,,0,0,0,0,2.364026224,0.107604259,0,0,0,0,,0,0,0,0,0.699883561,0,0,0,0,0
,,,,,,,,,,,,,,,,,,,,,,,,,,,,,,,,,,,
USA,MUSE,NDC_EI,2030,0.591831099,0,0.533221399,0,0.551588054,0,0,0.373427673,0.278108374,0,,1.122441465,0,1.044295199,0,1.068784073,0,0,0.831236897,0.348828015,0,,0.196865488,0,0.152798044,0,0.16660756,0,0,0.032652386,0.201634201,0
USA,MUSE,NDC_EI,2040,0,0,0.622799213,1.260852936,2.007915567,0,0,1.787804211,0.064778066,0,,0,0,1.163732284,2.014470581,3.01055409,0.264750798,0,2.717072281,0.110918489,0,,0,0,0.220149784,0.699889425,1.261590652,0,0,1.096093392,0.019353304,0
USA,MUSE,NDC_EI,2050,0,0,0,0,0.559307016,0.357710028,0,0,0.108078768,0,,0,0,0,0,1.412409354,0.810280038,0,0,0.163909449,0,,0,0,0,0,0.015989687,0.020834608,0,0,0.05489547,0
,,,,,,,,,,,,,,,,,,,,,,,,,,,,,,,,,,,
USA,MUSE,NDC_LTS,2030,0.591831099,0,0.570629846,0,0.542945765,0,0,0.373427673,0.313947902,0,,1.122441465,0,1.094173129,0,1.05726102,0,0,0.831236897,0.38940195,0,,0.196865488,0,0.180924697,0,0.160109598,0,0,0.032652386,0.232245519,0
USA,MUSE,NDC_LTS,2040,3.229673333,0,0.567539813,1.3061918,0,0.284881299,0,1.818482303,0.272100323,0,,4.639564444,0,1.090053084,2.0749224,0.420002392,0.713175066,0,2.864343754,0.361507225,0,,2.180205514,0,0.178601363,0.733978797,0,0,0,1.119159626,0.182359518,0
USA,MUSE,NDC_LTS,2050,3.589288072,0,0,0,0.332118569,0.931397929,0,0,0.229799254,0,,5.119050762,0,0,0,0.776158092,1.575197239,0,0,0.329767657,0,,2.450592535,0,0,0,0.001592909,0.452178894,0,0,0.134018454,0
,,,,,,,,,,,,,,,,,,,,,,,,,,,,,,,,,,,
USA,TIAM_Grantham,CP_EI,2030,0,0,0,0.65820629,0.008886236,0,0,0,0,0,,0,0,0,1.21094172,0.646173408,0,0,0,0,0,,0,0,0,0.246771647,0,0,0,0,0,0
USA,TIAM_Grantham,CP_EI,2040,0,0,0,0.333811454,1.193418617,0,0,0,0,0,,0,0,0,0.778415272,1.924558156,0,0,0.034052766,0,0,,0,0,0,0.002865755,0.64918693,0,0,0,0,0
USA,TIAM_Grantham,CP_EI,2050,0,0,0,0,1.307170575,0,0,0.893185558,0,0,,0,0,0,0.021101248,2.742894099,0,0,1.524247411,0,0,,0,0,0,0,0.549868705,0,0,0.423447788,0,0
,,,,,,,,,,,,,,,,,,,,,,,,,,,,,,,,,,,
USA,TIAM_Grantham,NDC_EI,2030,0,0,0,0.876485079,2.029884835,0.140519979,0,0,0.166620277,0,,0.087154207,0.013324183,0,1.501980105,3.395425728,0.520693305,0,0,0.232484167,0,,0,0,0,0.410891037,1.029988598,0,0,0,0.0959794,0
USA,TIAM_Grantham,NDC_EI,2040,0,0,0,0.995659405,1.453055418,0,0,0.739474015,0,0,,0.255137415,0,0,1.660879207,2.270740557,0.506911238,0.328911346,1.319298687,0.029594326,0,,0,0,0,0.500495793,0.84440257,0,0,0.307875199,0,0
USA,TIAM_Grantham,NDC_EI,2050,0,0,0,0,0.524505519,0,0,0.813131266,0,0,,0,0,0,0,1.032674025,0,0,1.417508354,0,0,,0,0,0,0,0.146244751,0,0,0.363256591,0,0
,,,,,,,,,,,,,,,,,,,,,,,,,,,,,,,,,,,
USA,TIAM_Grantham,NDC_LTS,2030,0,0,0,0.876485079,2.029884835,0.140519979,0,0,0.166620277,0,,0.087154207,0.013324183,0,1.501980105,3.395425728,0.520693305,0,0,0.232484167,0,,0,0,0,0.410891037,1.029988598,0,0,0,0.0959794,0
USA,TIAM_Grantham,NDC_LTS,2040,0.061267115,0,0,1.024991948,1.622209946,0.673188155,0.017018759,0.889963532,0.001404598,0,,0.41502282,0,0,1.699989264,2.496279928,1.23091754,0.356025012,1.519951377,0.057763808,0,,0,0,0,0.522550337,0.971586425,0.258036207,0,0.421025212,0,0
USA,TIAM_Grantham,NDC_LTS,2050,0,0,0,0,0.933985879,0,0,0.853615966,0,0,,0,0,0,0,1.578647838,0,0,1.471487954,0,0,,0,0,0,0,0.454124721,0,0,0.393696215,0,0
,,,,,,,,,,,,,,,,,,,,,,,,,,,,,,,,,,,
,,,,,,,,,,,,,,,,,,,,,,,,,,,,,,,,,,,
India,GCAM-PR 5.3,CP_EI,2030,0,0,0,0,1.425099824,0,1.304445117,0,0,0,,0,0,0,0,2.233466432,0,2.072593489,0,0,0,,0,0,0,0,0.823383326,0,0.732665501,0,0,0
India,GCAM-PR 5.3,CP_EI,2040,0,0,0,0,0,0,0,0,0.153813581,0,,0,0,0,0,0.169076266,0,0,0,0.22941061,0,,0,0,0,0,0,0,0,0,0.078436539,0
India,GCAM-PR 5.3,CP_EI,2050,0,0,0,0,0.597292848,0,0.253771169,0,0.259106828,0,,0,0,0,0,1.155275505,0,0.671694892,0,0.366823205,0.101056065,,0,0,0,0,0.200972066,0,0,0,0.157169824,0
,,,,,,,,,,,,,,,,,,,,,,,,,,,,,,,,,,,
India,GCAM-PR 5.3,NDC_EI,2030,0,0,0,0,2.302988908,0,1.003204708,0,0.119904385,0,,0,0,0,0,3.737318545,0,1.670939611,0,0.168678749,0,,0,0,0,0,1.235330006,0,0.506168954,0,0.066317262,0
India,GCAM-PR 5.3,NDC_EI,2040,0,0,0,0,0.908611745,0,0.066308799,0,0.487681669,0.206432987,,0.273190076,0,0,0,1.913407521,0,0.421745065,0,0.627838429,0.567053732,,0,0,0,0,0.286895822,0,0,0,0.345646085,0.032724933
India,GCAM-PR 5.3,NDC_EI,2050,0,0,0,0,0.23767113,0,0.301644985,0,0.604762292,1.661467038,,0.039541293,0,0,0,0.759062728,0.322846188,0.735526647,0,0.79880869,3.330508269,,0,0,0,0,0,0,0,0,0.418818944,0.781107546
,,,,,,,,,,,,,,,,,,,,,,,,,,,,,,,,,,,
India,GCAM-PR 5.3,NDC_LTS,2030,0,0,0,0,2.302988908,0,1.003204708,0,0.119702325,0,,0,0,0,0,3.737318545,0,1.670939611,0,0.168454121,0,,0,0,0,0,1.235330006,0,0.506168954,0,0.066140704,0
India,GCAM-PR 5.3,NDC_LTS,2040,0.348784333,0,0,0,3.390909908,0.019475339,0.233695159,0,0.795432877,0.613686124,,0.798379111,0,0,0,5.500992416,0.359300452,0.644926879,0,0.992784608,1.331092035,,0.014123559,0,0,0,2.05331572,0,0,0,0.594207781,0.246150699
India,GCAM-PR 5.3,NDC_LTS,2050,0.334294504,0,0,0,0.700068498,0.821707366,0.419723165,0,1.139531564,3.555500569,,0.779059338,0,0,0,1.714603061,1.428943155,0.892964221,0,1.456387559,6.813826417,,0.00322895,0,0,0,0.071471229,0.369704786,0.067461027,0,0.833364013,1.803095261
,,,,,,,,,,,,,,,,,,,,,,,,,,,,,,,,,,,
India,GEMINI-E3 7.0,CP_EI,2030,0,0,0,0,1.942427716,0,0,0,0,0,,0,0,0,0,3.085070559,0,0,0,0,0,,0,0,0,0,1.212351666,0,0,0,0,0
India,GEMINI-E3 7.0,CP_EI,2040,0,0,0,0,0.434389534,0,0,0,0,0,,0,0,0,0,0.912519379,0,0,0,0,0,,0,0,0,0,0.078488371,0,0,0,0,0
India,GEMINI-E3 7.0,CP_EI,2050,0,0,0,0,0.065098492,0,0,0,0,0,,0,0,0,0,0.420131323,0,0,0,0,0,,0,0,0,0,0,0,0,0,0,0
,,,,,,,,,,,,,,,,,,,,,,,,,,,,,,,,,,,
India,GEMINI-E3 7.0,NDC_EI,2030,0,0,0,0,1.951497399,0,0,0,0,0,,0,0,0,0,3.099412795,0,0,0,0,0,,0,0,0,0,1.219170977,0,0,0,0,0
India,GEMINI-E3 7.0,NDC_EI,2040,0,0,0,0,0.434421642,0,0,0,0,0,,0,0,0,0,0.91256219,0,0,0,0,0,,0,0,0,0,0.078512513,0,0,0,0,0
India,GEMINI-E3 7.0,NDC_EI,2050,0,0,0,0,0.06848257,0,0,0,0,0,,0,0,0,0,0.424643427,0,0,0,0,0,,0,0,0,0,0,0,0,0,0,0
,,,,,,,,,,,,,,,,,,,,,,,,,,,,,,,,,,,
India,GEMINI-E3 7.0,NDC_LTS,2030,0,0,0,0,1.950948548,0,0,0,0,0,,0,0,0,0,3.098878513,0,0,0,0,0,,0,0,0,0,1.218758306,0,0,0,0,0
India,GEMINI-E3 7.0,NDC_LTS,2040,0,0,0,0,1.999109178,0,0,0,0,0,,0,0.265167939,0,0,3.332145571,0,0,0,0,0,,0,0,0,0,1.023905115,0,0,0,0,0
India,GEMINI-E3 7.0,NDC_LTS,2050,0.094596625,0,0,0,0.307511658,0,0,0,0,0,,0.459462167,0.051802951,0,0,1.315689006,0,0,0,0,0,,0,0,0,0,0,0,0,0,0,0
,,,,,,,,,,,,,,,,,,,,,,,,,,,,,,,,,,,
India,MUSE,CP_EI,2030,0,0.604084132,0,0,2.917159763,0,0,0,0,0,,0,1.138778843,0,0,4.915187377,0,0,0.32034632,0,0,,0,0.206078295,0,0,1.470213997,0,0,0,0,0
India,MUSE,CP_EI,2040,1.615034211,1.256173717,0.056587172,0,0,0,0,0,0,0,,2.486712281,2.008231622,0.408782896,0,0.066666667,0,0,0,0,0,,0.966191136,0.696371216,0,0,0,0,0,0,0,0
India,MUSE,CP_EI,2050,0.931949333,1.09181549,0.001863925,0,0.1875,0,0,0,0,0,,1.575932445,1.789087321,0.335818566,0,0.916666667,0,0,0,0,0,,0.452593484,0.572793602,0,0,0,0,0,0,0,0
,,,,,,,,,,,,,,,,,,,,,,,,,,,,,,,,,,,
India,MUSE,NDC_EI,2030,0,0.604084132,0,0,2.378698225,0,0,0,0.013362671,0,,0,1.138778843,0,0,3.863905325,0,0,0.32034632,0.062122106,0,,0,0.206078295,0,0,1.313475998,0,0,0,0,0
India,MUSE,NDC_EI,2040,3.273643872,1.105093564,0.21486971,0,1,0,0,1.131168831,0,0,,4.698191829,1.806791419,0.61982628,0,1.666666667,0,0,1.841558442,0,0,,2.213266069,0.582777116,0,0,0.503759398,0,0,0.60238258,0,0
India,MUSE,NDC_EI,2050,2.439812228,0.742553992,0,0,0,0,0,0.286466165,0,0.184737204,,3.586416304,1.323405323,0.157975983,0,0.633744856,0,0,0.715288221,0,0.477192417,,1.586324983,0.310190972,0,0,0,0,0,0,0,0.041989341
,,,,,,,,,,,,,,,,,,,,,,,,,,,,,,,,,,,
India,MUSE,NDC_LTS,2030,0,0.604084132,0,0,2.378698225,0,0,0,0.013597104,0,,0,1.138778843,0,0,3.863905325,0,0,0.32034632,0.063211967,0,,0,0.206078295,0,0,1.313475998,0,0,0,0,0
India,MUSE,NDC_LTS,2040,4.205855142,1.105093564,0.302996409,0,1,0,0,1.131168831,0,0,,5.941140189,1.806791419,0.737328545,0,2,0,0,1.841558442,0,0,,2.914176798,0.582777116,0,0,0.503759398,0,0,0.60238258,0,0
India,MUSE,NDC_LTS,2050,3.005260813,0.742553992,0,0,0,0,0,0.35648855,0,0.227427303,,4.340347751,1.323405323,0.034603141,0,0,0,0,0.808651399,0,0.586789031,,2.011474296,0.310190972,0,0,0,0,0,0.019916203,0,0.051976079
,,,,,,,,,,,,,,,,,,,,,,,,,,,,,,,,,,,
India,TIAM_Grantham,CP_EI,2030,0,0,0,0,5.865800934,0,0,0.634909312,0.191262385,0,,0,0,0,0,8.154401245,0.212514075,0,1.179879083,0.243420413,0,,0,0,0,0,4.162256341,0,0,0.229255122,0.133653343,0
India,TIAM_Grantham,CP_EI,2040,0,0,0,0,0.400368547,0.139149736,0,0,0.028194683,0,,0,0,0,0,0.971308219,0.518866315,0,0,0.079913355,0,,0,0,0,0,0.052908682,0,0,0,0,0
India,TIAM_Grantham,CP_EI,2050,0,0,0,0,0.91943419,0,0,0.291795026,0,0,,0,0,0,0,1.559245586,0,0,0.722393368,0.006638123,0,,0,0,0,0,0.443183601,0,0,0,0,0
,,,,,,,,,,,,,,,,,,,,,,,,,,,,,,,,,,,
India,TIAM_Grantham,NDC_EI,2030,0,0,0,0,5.637781957,0,0,0.634909312,0.232391643,0,,0,0,0,0,7.850375943,0,0,1.179879083,0.293409357,0,,0,0,0,0,3.990813502,0,0,0.229255122,0.164955274,0
India,TIAM_Grantham,NDC_EI,2040,0,0,0,0,0.58692176,0.019212531,0,0,0.110731304,0,,0,0,0,0,1.25680091,0.358950042,0,0,0.187169214,0,,0,0,0,0,0.193174256,0,0,0,0.035021616,0
India,TIAM_Grantham,NDC_EI,2050,0,0,0,0,0.697101224,0,0,0.287871735,0.002264488,0,,0,0,0,0,1.262801631,0,0,0.717162314,0.069659516,0,,0,0,0,0,0.276015958,0,0,0,0,0
,,,,,,,,,,,,,,,,,,,,,,,,,,,,,,,,,,,
India,TIAM_Grantham,NDC_LTS,2030,0,0,0,0,5.637781957,0,0,0.634909312,0.232391643,0,,0,0,0,0,7.850375943,0,0,1.179879083,0.293409357,0,,0,0,0,0,3.990813502,0,0,0.229255122,0.164955274,0
India,TIAM_Grantham,NDC_LTS,2040,0.377256397,0,0,0,4.349468802,0,0,0.180375576,0.132572416,0,,0.836341862,0,0,0,6.132625069,0.124467512,0,0.573834102,0.211590468,0,,0.035531125,0,0,0,3.022156994,0,0,0,0.054102749,0
India,TIAM_Grantham,NDC_LTS,2050,0,0,0,0,1.385271346,0.242327727,0,1.459425274,0.089271292,0,,0.043295185,0,0,0,2.180361795,0.656436969,0.223000794,2.612567032,0.169684519,0,,0,0,0,0,0.793437103,0,0,0.601071635,0.014914823,0
,,,,,,,,,,,,,,,,,,,,,,,,,,,,,,,,,,,
,,,,,,,,,,,,,,,,,,,,,,,,,,,,,,,,,,,
EU,GCAM-PR 5.3,CP_EI,2030,0,0.366347643,0,0,2.058752524,1.322294854,1.084688554,0.048460913,0.214617488,0,,0,0.755202241,0.064220086,0,3.645457327,2.096393139,1.779584739,0.323708173,0.259865227,0,,0,0.08935913,0,0,1.04100232,0.746086357,0.567435003,0,0.163884172,0
EU,GCAM-PR 5.3,CP_EI,2040,0,0,0,0,1.073248996,0,0,0,0.285294591,0,,0,0,0,0,1.847665328,0,0.017468745,0.200897501,0.370687965,0.015787848,,0,0,0,0,0.508676428,0,0,0,0.197281668,0
EU,GCAM-PR 5.3,CP_EI,2050,0,0,0,0,0.173448328,0,0,0.159028696,0.56387702,0.172515775,,0,0,0,0,0.775822994,0,0,0.462038261,0.723069523,0.463951886,,0,0,0,0,0,0,0,0,0.40668124,0.031518075
,,,,,,,,,,,,,,,,,,,,,,,,,,,,,,,,,,,
EU,GCAM-PR 5.3,NDC_EI,2030,0,0.327854732,0,0,2.322756486,1.297037168,1.169198385,0.072312748,0.303988085,0,,0,0.687580758,0.066365599,0.10435863,4.180341981,2.062716224,1.892264514,0.36518454,0.360806546,0,,0,0.060417092,0,0,0.980233341,0.727095615,0.63097623,0,0.240140019,0
EU,GCAM-PR 5.3,NDC_EI,2040,0,0,0,0,1.189738491,0,0,0,0.382725487,0.013486285,,0,0,0,0,2.002984655,0,0.007738828,0.212738495,0.492314456,0.224037374,,0,0,0,0,0.584389843,0,0,0,0.269617656,0
EU,GCAM-PR 5.3,NDC_EI,2050,0,0,0,0,0.093464998,0,0,0.000947993,0.61327371,0.655209042,,0,0,0,0,0.583201081,0,0,0.251263991,0.796263291,1.541605164,,0,0,0,0,0,0,0,0,0.433064684,0.212246674
,,,,,,,,,,,,,,,,,,,,,,,,,,,,,,,,,,,
EU,GCAM-PR 5.3,NDC_LTS,2030,0,0.327854732,0,0,2.322756486,1.297037168,1.169198385,0.072312748,0.303706098,0,,0,0.687580758,0.066365599,0.10435863,4.180341981,2.062716224,1.892264514,0.36518454,0.360497364,0,,0,0.060417092,0,0,0.980233341,0.727095615,0.63097623,0,0.239889151,0
EU,GCAM-PR 5.3,NDC_LTS,2040,0,0,0,0,1.600682782,0,0,0,0.500825566,0.047397304,,0,0,0,0,2.550910375,0.035464186,0.052210025,0.248810363,0.630069747,0.324356355,,0,0,0,0,0.893370512,0,0,0,0.366963255,0
EU,GCAM-PR 5.3,NDC_LTS,2050,0,0,0,0,0.631242425,0,0,0.253653163,1.223103224,1.264437137,,0,0,0,0,1.46802516,0,0.04276171,0.588204218,1.516845274,2.740824759,,0,0,0,0,0.226498064,0,0,0.004626439,0.930505265,0.50790422
,,,,,,,,,,,,,,,,,,,,,,,,,,,,,,,,,,,
EU,GEMINI-E3 7.0,CP_EI,2030,0,0.979065788,0.601864101,0.04353023,0,0,0,0,0,0,,0,1.638754385,1.135818801,0.39137364,0,0,0,0,0,0,,0,0.48801939,0.204409098,0,0,0,0,0,0,0
EU,GEMINI-E3 7.0,CP_EI,2040,0,0.706901465,0.420224336,0.243632147,0.455652313,0,0,0,0,0,,0.281312849,1.27586862,0.893632448,0.658176196,0.940869751,0,0,0,0,0,,0,0.28338456,0.067837847,0,0.094475423,0,0,0,0,0
EU,GEMINI-E3 7.0,CP_EI,2050,0,0.009410611,0,0,0.002471227,0,0,0,0,0,,0.214938472,0.345880815,0.103126209,0,0.435214979,0,0,0,0,0.008681238,,0,0,0,0,0,0,0,0,0,0
,,,,,,,,,,,,,,,,,,,,,,,,,,,,,,,,,,,
EU,GEMINI-E3 7.0,NDC_EI,2030,0,0.952781681,0.56858956,0.031984096,0,0,0,0,0,0,,0,1.603708908,1.091452747,0.375978794,0,0,0,0,0,0,,0,0.468256903,0.179390647,0,0,0,0,0,0,0
EU,GEMINI-E3 7.0,NDC_EI,2040,0,0.734821977,0.455822967,0.261727183,0.456359115,0,0,0,0,0,,0.26301435,1.31309597,0.94109729,0.68230291,0.941812154,0,0,0,0,0,,0,0.304377427,0.094603735,0,0.095006854,0,0,0,0,0
EU,GEMINI-E3 7.0,NDC_EI,2050,0,0.032698192,0,0,0.001085766,0,0,0,0,0,,0.214463838,0.376930923,0.134300561,0.000767219,0.421544519,0,0,0,0,0.01997862,,0,0,0,0,0,0,0,0,0,0
,,,,,,,,,,,,,,,,,,,,,,,,,,,,,,,,,,,
EU,GEMINI-E3 7.0,NDC_LTS,2030,0,0.303050192,0.178904432,0,0,0,0,0,0,0,,0,0.737400256,0.571872576,0,0,0,0,0,0,0,,0,0,0,0,0,0,0,0,0,0
EU,GEMINI-E3 7.0,NDC_LTS,2040,0.527706535,1.0554698,0.666753738,0.763678318,1.114455876,0,0,0,0,0,,1.036942046,1.7406264,1.222338318,1.35157109,1.819274501,0,0,0,0,0,,0.14865153,0.545466015,0.253198299,0.326073923,0.589816448,0,0,0,0,0
EU,GEMINI-E3 7.0,NDC_LTS,2050,3.428501192,1.731841483,1.109458465,1.939275493,0.204758381,0,0.337813463,0.495392344,0,0.08120286,,4.904668256,2.64245531,1.812611287,2.919033991,0.606344508,0.183334178,0.783751284,0.993856459,0,0.259122067,,2.329700144,1.054016152,0.586058996,1.209981574,0,0,0.005874784,0.124355146,0,0
,,,,,,,,,,,,,,,,,,,,,,,,,,,,,,,,,,,
EU,MUSE,CP_EI,2030,0,0,0,0,0,0,0,0,0,0,,0.293309853,0,0,0,0.016415535,0,0,0.08401084,0,0,,0,0,0,0,0,0,0,0,0,0
EU,MUSE,CP_EI,2040,0,0.093505514,0,0.368585087,1.067268253,0,0,0.791240493,0,0,,0,0.458007352,0,0.824780115,1.75635767,0,0,1.388320657,0,0,,0,0,0,0.029011343,0.554337032,0,0,0.346797363,0,0
EU,MUSE,CP_EI,2050,0,0.135788112,0,0,0,0,0,0,0,0,,0,0.514384149,0,0,0.154259772,0,0,0,0,0,,0,0,0,0,0,0,0,0,0,0
,,,,,,,,,,,,,,,,,,,,,,,,,,,,,,,,,,,
EU,MUSE,NDC_EI,2030,2.964060685,0,0,0,0,0,0,0,0.344278634,0,,4.285414247,0,0,0,0,0,0,0.300813008,0.400219497,0,,1.980496756,0,0,0,0,0,0,0,0.281232488,0
EU,MUSE,NDC_EI,2040,0,0.255576733,0,0.710600302,0.025422479,0,0,0.951219512,0.006472854,0,,0.003124804,0.674102311,0,1.280800403,0.704502614,0,0,1.601626016,0.036070098,0,,0,0,0,0.286165641,0,0,0,0.46708234,0,0
EU,MUSE,NDC_EI,2050,0,0.241091609,0,0,0,0,0,0,0,0,,0,0.654788812,0,0,0,0,0,0,0,0,,0,0,0,0,0,0,0,0,0,0
,,,,,,,,,,,,,,,,,,,,,,,,,,,,,,,,,,,
EU,MUSE,NDC_LTS,2030,2.964060685,0,0,0,0,0,0,0,0.373454022,0,,4.285414247,0,0,0,0,0,0,0.315918077,0.432302178,0,,1.980496756,0,0,0,0,0,0,0,0.307085103,0
EU,MUSE,NDC_LTS,2040,6.973556133,0,0,0.432743329,0.678843652,0,0.243929032,1.242921013,0.511623339,0,,9.631408178,0.069258188,0,0.910324439,1.571791537,0.078737426,0.658572042,2.128166915,0.621052002,0.024167597,,4.995154988,0,0,0.077250623,0.093536064,0,0,0.686406777,0.397455542,0
EU,MUSE,NDC_LTS,2050,5.300165067,0,0,0,0.40606239,0.435047562,0,0.566985646,0.795658301,0.099374469,,7.40022009,0,0,0,0.913417041,0.91339675,0,1.089314195,0.985145179,0.35913955,,3.736966216,0,0,0,0.057189767,0.07898313,0,0.178184696,0.606816821,0
,,,,,,,,,,,,,,,,,,,,,,,,,,,,,,,,,,,
EU,TIAM_Grantham,CP_EI,2030,0.739863449,1.391306348,0,1.253790188,1.052955069,0.543490094,0.423785505,0.141116074,0.081058875,0,,1.249169753,2.10507513,0,1.921720251,2.350071738,1.057986792,0.648380673,0.438154765,0.115779,0,,0.370198082,0.860004773,0,0.756609164,0.281343735,0.160518868,0.256605643,0,0.042471994,0
EU,TIAM_Grantham,CP_EI,2040,0.968005563,0,0,0.073310506,1.205453803,0.408356945,0.731919475,1.677294326,0,0,,1.542357525,0,0,0.347747341,1.857271737,0.794475926,1.225892633,2.903059101,0.005140579,0,,0.541733506,0,0,0,0.720266017,0.120945071,0.364225169,0.835134526,0,0
EU,TIAM_Grantham,CP_EI,2050,0,0,0,0,0.008757228,0,0,0.43620911,0,0,,0.220988008,0,0,0,0.160807379,0,0.199898745,1.02724134,0,0,,0,0,0,0,0,0,0,0.12429623,0,0
,,,,,,,,,,,,,,,,,,,,,,,,,,,,,,,,,,,
EU,TIAM_Grantham,NDC_EI,2030,1.811257338,1.516393195,0,1.440020036,1.092055953,0.279765837,0.426963476,0.813214906,0.101672208,0,,2.748343117,2.271857594,0,2.170026714,2.330659477,0.706354449,0.652617968,1.389387011,0.142726529,0,,1.150465467,0.954055034,0,0.896631606,0.357308818,0,0.258995095,0.425349554,0.056021835,0
EU,TIAM_Grantham,NDC_EI,2040,1.275099553,0,0,0,0.917866379,0.505462079,0.354600051,2.925468724,0,0,,2.033466071,0,0,0,1.476641945,0.923949438,0.722800068,4.567291632,0,0,,0.733094463,0,0,0,0.504034872,0.19395645,0.080526354,1.889285105,0,0
EU,TIAM_Grantham,NDC_EI,2050,0,0,0,0,0.225972657,0,0,0.154734959,0,0.164658037,,0,0,0,0,0.634630209,0,0,0.370590405,0,0.376495245,,0,0,0,0,0,0,0,0.054311999,0,0.057922396
,,,,,,,,,,,,,,,,,,,,,,,,,,,,,,,,,,,
EU,TIAM_Grantham,NDC_LTS,2030,1.811257338,1.516393195,0,1.440020036,1.092055953,0.279765837,0.426963476,0.813214906,0.101672208,0,,2.748343117,2.271857594,0,2.170026714,2.330659477,0.706354449,0.652617968,1.389387011,0.142726529,0,,1.150465467,0.954055034,0,0.896631606,0.357308818,0,0.258995095,0.425349554,0.056021835,0
EU,TIAM_Grantham,NDC_LTS,2040,0.421015203,0,0,0,0.902696115,0.218486436,0.133768238,2.564223139,0,0,,0.894686938,0,0,0,1.958948216,0.541315248,0.428357651,4.103852471,0,0.038774309,,0.083602197,0,0,0,0.279676734,0,0,1.514725325,0,0
EU,TIAM_Grantham,NDC_LTS,2050,0,0,0,0,0.386278202,0,0,0.015052081,0,0.645699543,,0,0,0,0,0.684308328,0,0.034431884,0.222451352,0,1.333141429,,0,0,0,0,0.228404663,0,0,0,0,0.287277647
,,,,,,,,,,,,,,,,,,,,,,,,,,,,,,,,,,,
,,,,,,,,,,,,,,,,,,,,,,,,,,,,,,,,,,,
Japan,GCAM-PR 5.3,CP_EI,2030,0,0,0,0,0.381765676,0,0,0,0,0,,0,0,0,0,0.977742029,0.265875586,0,0,0,0,,0,0,0,0,0.038921561,0,0,0,0,0
Japan,GCAM-PR 5.3,CP_EI,2040,0,0,0,0,0.30115049,0,0,0,0.1707141,0,,0,0,0,0,0.73486732,0,0.086202517,0,0.254617476,0.034277102,,0,0,0,0,0,0,0,0,0.087054882,0
Japan,GCAM-PR 5.3,CP_EI,2050,0,0,0,0,1.43032273,0,0,0,0.366131302,0.489138368,,0,0,0,0,2.456962196,0,0,0,0.518340094,1.026836496,,0,0,0,0,0.827310323,0,0,0,0.222089062,0.210512135
,,,,,,,,,,,,,,,,,,,,,,,,,,,,,,,,,,,
Japan,GCAM-PR 5.3,NDC_EI,2030,0,0,0,0,1.402345766,0,0,0,0.206219145,0.123929027,,0,0,0,0,2.970025767,0.330033912,0,0.086508908,0.29010438,0.279299985,,0,0,0,0,0.471286826,0,0,0,0.114056621,0.045302224
Japan,GCAM-PR 5.3,NDC_EI,2040,0,0,0,0,1.253534608,0,0,0,0.867915625,1.821444148,,0,0,0,0,2.670477383,0.140899746,0.309418654,0,1.117349324,3.438184686,,0,0,0,0,0.60126895,0,0,0,0.61513823,0.94572802
Japan,GCAM-PR 5.3,NDC_EI,2050,0,0,0,0,0.629116345,0,0,0,1.188115766,5.602757723,,0,0,0,0,1.262590201,0,0,0,1.569339244,10.33724726,,0,0,0,0,0.224899507,0,0,0,0.822811535,3.009210144
,,,,,,,,,,,,,,,,,,,,,,,,,,,,,,,,,,,
Japan,GCAM-PR 5.3,NDC_LTS,2030,0,0,0,0,1.402345766,0,0,0,0.205877837,0.123929027,,0,0,0,0,2.970025767,0.330033912,0,0.086508908,0.289726787,0.279299985,,0,0,0,0,0.471286826,0,0,0,0.113756395,0.045302224
Japan,GCAM-PR 5.3,NDC_LTS,2040,0,0,0,0,2.492277266,0.215887091,0.226854094,0,1.32284163,2.448220601,,0,0,0,0,4.323036355,0.621182788,0.635805458,0,1.651046679,4.59248666,,0,0,0,0,1.129531779,0,0,0,0.988194998,1.283255384
Japan,GCAM-PR 5.3,NDC_LTS,2050,0,0,0,0,1.053236476,0.768422725,0.188899114,0,3.067341386,9.385384135,,0,0,0,0,2.234793114,1.357896966,0.585198818,0.444520091,3.920240541,17.17806387,,0,0,0,0,0.388670223,0.329641146,0,0,2.243212921,5.098863006
,,,,,,,,,,,,,,,,,,,,,,,,,,,,,,,,,,,
,GEMINI-E3 7.0,CP_EI,2030,0,0,0,0,0,0,0,0,0,0,,0,0,0,0,0,0,0,0,0,0,,0,0,0,0,0,0,0,0,0,0
,GEMINI-E3 7.0,CP_EI,2040,0,0,0,0,0,0,0,0,0,0,,0,0,0,0,0,0,0,0,0,0,,0,0,0,0,0,0,0,0,0,0
,GEMINI-E3 7.0,CP_EI,2050,0,0,0,0,0,0,0,0,0,0,,0,0,0,0,0,0,0,0,0,0,,0,0,0,0,0,0,0,0,0,0
,,,,,,,,,,,,,,,,,,,,,,,,,,,,,,,,,,,
,GEMINI-E3 7.0,NDC_EI,2030,0,0,0,0,0,0,0,0,0,0,,0,0,0,0,0,0,0,0,0,0,,0,0,0,0,0,0,0,0,0,0
,GEMINI-E3 7.0,NDC_EI,2040,0,0,0,0,0,0,0,0,0,0,,0,0,0,0,0,0,0,0,0,0,,0,0,0,0,0,0,0,0,0,0
,GEMINI-E3 7.0,NDC_EI,2050,0,0,0,0,0,0,0,0,0,0,,0,0,0,0,0,0,0,0,0,0,,0,0,0,0,0,0,0,0,0,0
,,,,,,,,,,,,,,,,,,,,,,,,,,,,,,,,,,,
,GEMINI-E3 7.0,NDC_LTS,2030,0,0,0,0,0,0,0,0,0,0,,0,0,0,0,0,0,0,0,0,0,,0,0,0,0,0,0,0,0,0,0
,GEMINI-E3 7.0,NDC_LTS,2040,0,0,0,0,0,0,0,0,0,0,,0,0,0,0,0,0,0,0,0,0,,0,0,0,0,0,0,0,0,0,0
,GEMINI-E3 7.0,NDC_LTS,2050,0,0,0,0,0,0,0,0,0,0,,0,0,0,0,0,0,0,0,0,0,,0,0,0,0,0,0,0,0,0,0
,,,,,,,,,,,,,,,,,,,,,,,,,,,,,,,,,,,
Japan,MUSE,CP_EI,2030,0,0,0,0,6.526874991,0,0,0,0,0,,0,0,0.238484575,0,9.369166655,0,0,0,0,0,,0,0,0,0,4.411184204,0,0,0,0,0
Japan,MUSE,CP_EI,2040,0,0.033118265,0,0,0.045918367,0,0,0.043956044,0,0,,0,0.377491019,0,0.131569576,0.394557823,0,0,0.391941392,0,0,,0,0,0,0,0,0,0,0,0,0
Japan,MUSE,CP_EI,2050,0,0,0,0,0,0,0,0,0,0,,0,0,0,0,0,0,0,0,0,0,,0,0,0,0,0,0,0,0,0,0
,,,,,,,,,,,,,,,,,,,,,,,,,,,,,,,,,,,
Japan,MUSE,NDC_EI,2030,1.812685938,0,0.274901338,0,6.526874991,0,0,0.153846154,0.026326457,0,,2.750247917,0,0.699868451,0,9.369166655,0,0,0.538461538,0.12238982,0.000640731,,1.114801457,0,0,0,4.411184204,0,0,0,0,0
Japan,MUSE,NDC_EI,2040,0.12302087,0,0,0,1.525510204,0,0,0.52014652,0,0.037709633,,0.49736116,0.053107701,0,0,2.557823129,0,0,1.028083028,0,0.143702609,,0,0,0,0,0.898879853,0,0,0.142967308,0,0
Japan,MUSE,NDC_EI,2050,0,0,0,0,0.657489392,0,0,0,0,0.215260192,,0,0,0,0,1.669468854,0,0,0,0,0.531455505,,0,0,0,0,0.2327521,0,0,0,0,0.05924469
,,,,,,,,,,,,,,,,,,,,,,,,,,,,,,,,,,,
Japan,MUSE,NDC_LTS,2030,1.812685938,0,0.138957875,0,6.526874991,0,0,0.153846154,0.026788325,0,,2.750247917,0,0.5186105,0,9.369166655,0,0,0.538461538,0.12453701,0.007264356,,1.114801457,0,0,0,4.411184204,0,0,0,0,0
Japan,MUSE,NDC_LTS,2040,6.594351078,0,0,0,1.525510204,0,0,2.652014652,0,0.295696498,,9.125801438,0,0,0,2.557823129,0.020576132,0,4.202686203,0,0.617780802,,4.710038405,0,0,0,0.898879853,0,0,1.497755377,0,0.128505642
Japan,MUSE,NDC_LTS,2050,4.131944474,0,0,0,0.5823915,0.13125,0,0,0,1.242184769,,5.842592631,0,0,0,1.536443916,0.508333333,0,0.102756892,0,2.390802305,,2.858604867,0,0,0,0.177693151,0,0,0,0,0.625641898
,,,,,,,,,,,,,,,,,,,,,,,,,,,,,,,,,,,
Japan,TIAM_Grantham,CP_EI,2030,0,0.418397813,0.248154858,1.058402064,1.467337745,0,0,0,0.246610766,0,,0,0.891197084,0.664206477,1.744536085,2.623116993,0,0,0,0.313862522,0,,0,0.066464521,0,0.547670725,0.607020861,0,0,0,0.172330557,0
Japan,TIAM_Grantham,CP_EI,2040,0,0,0,0,2.572503112,0,0,0,0.038350308,0,,0,0,0,0,3.763337483,0,0,0.152323406,0.108697864,0,,0,0,0,0,1.686092565,0,0,0,0,0
Japan,TIAM_Grantham,CP_EI,2050,0,0,0,0,1.044024445,0,0,1.026395963,0,0,,0,0,0,0,1.725365926,0,0,1.701861284,0.011454069,0,,0,0,0,0,0.536860485,0,0,0.523605987,0,0
,,,,,,,,,,,,,,,,,,,,,,,,,,,,,,,,,,,
Japan,TIAM_Grantham,NDC_EI,2030,0,1.078926971,0.276227589,1.250429076,1.466647659,0,0,0,0.299292861,0,,0,1.771902627,0.701636785,2.000572101,2.622196879,0,0,0,0.377876435,0,,0,0.563102985,0,0.692051937,0.606501999,0,0,0,0.212442819,0
Japan,TIAM_Grantham,NDC_EI,2040,0,0,0,0.015565518,2.471054376,0.099574965,0,3.628727542,0.18163711,0,,0.092759367,0,0,0.354087358,3.961405834,0.466099953,0,5.504970056,0.307021353,0,,0,0,0,0,1.361695019,0,0,2.232125972,0.057447395,0
Japan,TIAM_Grantham,NDC_EI,2050,0,0,0,0,0.506174478,0,0,0.895155793,0.003885035,0.14796034,,0,0,0,0,1.008232637,0,0,1.860207724,0.119510324,0.346810451,,0,0,0,0,0.132462014,0,0,0.176808867,0,0.048482802
,,,,,,,,,,,,,,,,,,,,,,,,,,,,,,,,,,,
Japan,TIAM_Grantham,NDC_LTS,2030,0,1.078926971,0.276227589,1.250429076,1.466647659,0,0,0,0.299292861,0,,0,1.771902627,0.701636785,2.000572101,2.622196879,0,0,0,0.377876435,0,,0,0.563102985,0,0.692051937,0.606501999,0,0,0,0.212442819,0
Japan,TIAM_Grantham,NDC_LTS,2040,0,0,0,0.03119458,2.420671655,0,0,1.249866093,0.236482547,0.073171711,,0.217712035,0,0,0.374926107,3.894228874,0,0,1.999821457,0.377434872,0.183719274,,0,0,0,0,1.323813275,0,0,0.691628641,0.096508431,0.01885172
Japan,TIAM_Grantham,NDC_LTS,2050,0,0,0,0,0.676682596,0,0,3.561946223,0.173215394,2.137559023,,0,0,0,0,1.235576795,0,0,5.415928298,0.329243257,3.98533606,,0,0,0,0,0.260663606,0,0,2.181914454,0.028939617,1.130660246
,,,,,,,,,,,,,,,,,,,,,,,,,,,,,,,,,,,
,,,,,,,,,,,,,,,,,,,,,,,,,,,,,,,,,,,
Russia,GCAM-PR 5.3,CP_EI,2030,0,0,0,0,0,0,0,0,0,0,,0,0,0,0,0,0,0,0,0,0,,0,0,0,0,0,0,0,0,0,0
Russia,GCAM-PR 5.3,CP_EI,2040,0,0,0,0,0,0,0,0,0,0,,0,0,0,0,0,0,0,0,0,0,,0,0,0,0,0,0,0,0,0,0
Russia,GCAM-PR 5.3,CP_EI,2050,0,0,0,0,0.253656715,0,0,0,0,0,,0,0,0,0,0.671542286,0,0,0,0,0,,0,0,0,0,0,0,0,0,0,0
,,,,,,,,,,,,,,,,,,,,,,,,,,,,,,,,,,,
Russia,GCAM-PR 5.3,NDC_EI,2030,0,0,0,0,0,0,0,0,0,0,,0,0,0,0,0,0,0,0,0,0,,0,0,0,0,0,0,0,0,0,0
Russia,GCAM-PR 5.3,NDC_EI,2040,0,0,0,0,0,0,0,0,0,0,,0,0,0,0,0,0,0,0,0,0,,0,0,0,0,0,0,0,0,0,0
Russia,GCAM-PR 5.3,NDC_EI,2050,0,0,0,0,0.242192717,0,0,0,0,0,,0,0,0,0,0.656256957,0,0,0,0,0,,0,0,0,0,0,0,0,0,0,0
,,,,,,,,,,,,,,,,,,,,,,,,,,,,,,,,,,,
Russia,GCAM-PR 5.3,NDC_LTS,2030,0,0,0,0,0,0,0,0,0,0,,0,0,0,0,0,0,0,0,0,0,,0,0,0,0,0,0,0,0,0,0
Russia,GCAM-PR 5.3,NDC_LTS,2040,0,0,0,0,1.333670596,0,0,0,0,0,,0,0,0,0,2.479884939,0,0,0,0,0,,0,0,0,0,0.506519245,0,0,0,0,0
Russia,GCAM-PR 5.3,NDC_LTS,2050,0,0,0,0,2.885922061,0.492261888,0.184444544,0,0,0,,0,0,0,0,4.514562747,0.989682517,0.579259392,0,0,0,,0,0,0,0,1.673625609,0.12200142,0,0,0,0
,,,,,,,,,,,,,,,,,,,,,,,,,,,,,,,,,,,
Russia,GEMINI-E3 7.0,CP_EI,2030,0,0,0,0,0,0,0,0,0,0,,0,0,0.180452647,0,0,0,0,0,0,0,,0,0,0,0,0,0,0,0,0,0
Russia,GEMINI-E3 7.0,CP_EI,2040,0,0,0,0,0,0,0,0,0,0,,0,0,0,0,0,0,0,0,0,0,,0,0,0,0,0,0,0,0,0,0
Russia,GEMINI-E3 7.0,CP_EI,2050,0,0,0,0,0,0,0,0,0,0,,0,0,0,0,0,0,0,0,0,0,,0,0,0,0,0,0,0,0,0,0
,,,,,,,,,,,,,,,,,,,,,,,,,,,,,,,,,,,
Russia,GEMINI-E3 7.0,NDC_EI,2030,0,0,0,0,0,0,0,0,0,0,,0,0,0.176187657,0,0,0,0,0,0,0,,0,0,0,0,0,0,0,0,0,0
Russia,GEMINI-E3 7.0,NDC_EI,2040,0,0,0,0,0,0,0,0,0,0,,0,0,0,0,0,0,0,0,0,0,,0,0,0,0,0,0,0,0,0,0
Russia,GEMINI-E3 7.0,NDC_EI,2050,0,0,0,0,0,0,0,0,0,0,,0,0,0,0,0,0,0,0,0,0,,0,0,0,0,0,0,0,0,0,0
,,,,,,,,,,,,,,,,,,,,,,,,,,,,,,,,,,,
Russia,GEMINI-E3 7.0,NDC_LTS,2030,0,0,0,0,0,0,0,0,0,0,,0,0,0.159208136,0,0,0,0,0,0,0,,0,0,0,0,0,0,0,0,0,0
Russia,GEMINI-E3 7.0,NDC_LTS,2040,0,0,0.410134937,0,0,0,0,0,0,0,,0,0,0.880179916,0.275928387,0,0,0,0,0,0,,0,0,0.060251832,0,0,0,0,0,0,0
Russia,GEMINI-E3 7.0,NDC_LTS,2050,0,0,0.267556123,0.114766428,2.135414706,0,0,0,0,0,,0,0,0.690074831,0.486355238,3.196072738,0,0,0,0,0,,0,0,0,0,1.357454666,0,0,0,0,0
,,,,,,,,,,,,,,,,,,,,,,,,,,,,,,,,,,,
Russia,MUSE,CP_EI,2030,0,0,0,0.030904033,1.128418549,0,0,0,0,0,,0,0,0,0.374538711,1.837891399,0,0,0,0,0,,0,0,0,0,0.600314699,0,0,0,0,0
Russia,MUSE,CP_EI,2040,0,0,0,1.193691982,1.083333333,0,0,0,0,0,,0,0,0,1.924922643,1.777777778,0,0,0,0,0,,0,0,0,0.649392468,0.56641604,0,0,0,0,0
Russia,MUSE,CP_EI,2050,0,0,0,0,5.394557823,0,0,0,0,0,,0,0,0,0,7.526077098,0,0,0,0,0,,0,0,0,0,3.807938213,0,0,0,0,0
,,,,,,,,,,,,,,,,,,,,,,,,,,,,,,,,,,,
Russia,MUSE,NDC_EI,2030,0,0,0,0.030904033,1.128418549,0,0,0,0,0,,0,0,0,0.374538711,1.837891399,0,0,0,0,0,,0,0,0,0,0.600314699,0,0,0,0,0
Russia,MUSE,NDC_EI,2040,0,0,0,1.193691982,1.083333333,0,0,0,0,0,,0,0,0,1.924922643,1.777777778,0,0,0,0,0,,0,0,0,0.649392468,0.56641604,0,0,0,0,0
Russia,MUSE,NDC_EI,2050,0,0,0,0,5.394557823,0,0,0,0,0,,0,0,0,0,7.526077098,0,0,0,0,0,,0,0,0,0,3.807938213,0,0,0,0,0
,,,,,,,,,,,,,,,,,,,,,,,,,,,,,,,,,,,
Russia,MUSE,NDC_LTS,2030,0,0,0,0.030904033,0,0,0,0,0,0,,0,0,0,0.374538711,0,0,0,0,0,0,,0,0,0,0,0,0,0,0,0,0
Russia,MUSE,NDC_LTS,2040,1.388888308,0,0,0,2.921568627,0,0,0.8767507,0,0,,2.185184411,0,0,0.088144285,4.22875817,0,0,1.502334267,0,0,,0.796156623,0,0,0,1.94854784,0,0,0.411090752,0,0
Russia,MUSE,NDC_LTS,2050,1.892391632,0,0,0,1.355371901,0.891891892,0,0.535947712,1.828401374,0,,2.856522176,0,0,0,2.473829201,1.522522523,0,1.047930283,2.282731044,0,,1.17473055,0,0,0,0.522836016,0.422475107,0,0.154847904,1.372741928,0
,,,,,,,,,,,,,,,,,,,,,,,,,,,,,,,,,,,
Russia,TIAM_Grantham,CP_EI,2030,0,0,0,0,0,0,0,0,0,0,,0,0,0,0,0,0,0,0,0,0,,0,0,0,0,0,0,0,0,0,0
Russia,TIAM_Grantham,CP_EI,2040,0,0,0,0,0,0,0,0,0,0,,0,0,0,0,0,0,0,0,0,0,,0,0,0,0,0,0,0,0,0,0
Russia,TIAM_Grantham,CP_EI,2050,0,0,0,0,0,0,0,0,0,0,,0,0,0,0,0,0,0,0,0,0,,0,0,0,0,0,0,0,0,0,0
,,,,,,,,,,,,,,,,,,,,,,,,,,,,,,,,,,,
Russia,TIAM_Grantham,NDC_EI,2030,0,0,0,0,0,0,0,0,0,0,,0,0,0,0,0,0,0,0,0,0,,0,0,0,0,0,0,0,0,0,0
Russia,TIAM_Grantham,NDC_EI,2040,0,0,0,0,0,0,0,0,0,0,,0,0,0,0,0,0,0,0,0,0,,0,0,0,0,0,0,0,0,0,0
Russia,TIAM_Grantham,NDC_EI,2050,0,0,0,0,0,0,0,0,0,0,,0,0,0,0,0,0,0,0,0,0,,0,0,0,0,0,0,0,0,0,0
,,,,,,,,,,,,,,,,,,,,,,,,,,,,,,,,,,,
Russia,TIAM_Grantham,NDC_LTS,2030,0,0,0,0,0,0,0,0,0,0,,0,0,0,0,0,0,0,0,0,0,,0,0,0,0,0,0,0,0,0,0
Russia,TIAM_Grantham,NDC_LTS,2040,0,0,0,0,0,0,0,0,0,0,,0,0,0,0,0,0,0,0,0,0,,0,0,0,0,0,0,0,0,0,0
Russia,TIAM_Grantham,NDC_LTS,2050,0,0,0,0,0,0,0,0,0,0,,0,0,0,0,0,0,0,0,0,0,,0,0,0,0,0,0,0,0,0,0
