"PC_CNTR","DGURBA_FINAL_2018"
"46400",3
"45420",3
"15600",3
"15210",3
"15250",3
"25340",3
"25560",3
"25270",3
"25640",3
"25420",1
"25800",3
"25870",3
"25630",1
"25370",3
"25840",3
"25290",3
"25230",1
"37100",1
"39120",3
"39190",3
"39380",3
"39130",3
"37170",1
"37110",2
"37130",3
"37260",2
"37160",3
"43330",2
"71320",3
"71290",3
"71110",3
"71590",1
"71200",3
"71300",3
"71150",3
"71380",1
"71410",3
"81170",3
"81470",3
"81000",1
"81120",3
"81300",2
"81150",1
"81230",3
"81440",3
"82100",3
"81630",3
"82200",2
"81140",3
"81530",3
"82130",3
"82120",3
"81540",3
"92340",1
"92320",1
"45590",1
"45460",3
"46230",3
"45360",3
"45410",3
"45760",3
"46350",3
"45530",3
"45720",3
"45740",3
"45430",1
"55190",3
"57175",2
"55140",3
"15140",3
"15160",3
"25115",1
"25170",3
"25110",3
"25120",3
"44640",3
"44118",3
"43810",3
"43800",3
"43410",3
"44530",3
"43370",3
"43440",3
"43130",3
"43150",3
"39410",3
"39600",3
"39320",3
"44116",3
"63340",3
"63119",1
"63160",3
"92110",1
"92430",1
"92190",1
"92200",1
"92330",1
"88140",3
"88560",3
"88440",3
"54580",3
"54950",3
"54650",2
"54880",2
"54750",3
"55700",3
"54970",3
"54520",1
"54450",3
"54560",3
"54820",3
"54960",3
"54680",3
"54670",2
"09330",2
"10150",3
"10800",3
"10300",3
"10510",3
"09220",3
"08160",3
"08200",2
"08440",3
"08500",3
"09130",3
"09390",3
"08700",1
"09120",3
"09350",3
"08430",3
"09240",3
"57635",3
"57800",2
"57850",3
"57925",3
"57245",3
"57540",2
"57450",3
"57830",3
"57990",3
"57400",2
"58300",2
"58410",3
"58700",3
"57940",3
"57770",3
"57680",2
"65590",3
"65600",1
"65800",1
"65690",3
"63320",3
"63190",3
"61000",2
"61170",3
"61120",3
"63113",3
"54830",3
"58110",3
"58000",3
"57155",1
"58150",3
"65250",3
"65190",3
"21300",1
"21690",3
"21520",3
"21430",3
"21270",3
"21140",3
"21850",1
"21550",3
"21380",3
"32480",3
"32360",3
"32720",3
"32230",3
"32260",3
"32700",3
"32410",3
"08000",1
"08350",3
"09320",3
"18320",3
"18390",3
"18250",3
"18600",3
"18370",3
"28150",3
"28160",3
"28350",2
"28250",3
"31770",1
"63290",3
"63310",3
"63130",1
"70110",3
"89250",3
"89190",3
"89230",3
"89170",3
"89150",3
"88240",3
"89200",3
"89380",3
"88650",3
"88540",3
"88420",3
"89390",3
"88310",3
"88490",3
"89110",3
"06430",3
"05300",3
"06540",3
"06790",1
"06420",3
"06450",3
"06410",1
"06850",3
"06560",1
"06640",1
"13002",1
"13006",1
"62610",2
"62690",3
"75010",1
"75015",1
"13013",1
"13500",1
"13550",3
"13124",1
"13114",1
"13310",2
"13210",2
"13109",1
"13122",1
"13400",1
"13390",1
"06610",1
"06520",2
"06250",2
"40260",3
"40150",2
"40220",2
"40530",3
"47150",3
"47160",3
"47190",3
"74920",3
"74740",3
"74660",3
"74600",1
"13260",1
"13350",3
"13120",2
"23100",3
"23130",3
"23150",3
"23240",3
"26760",1
"20222",3
"20242",3
"20235",3
"20220",3
"20238",3
"20215",3
"20224",3
"20226",3
"20252",3
"47340",3
"47360",3
"47250",3
"04360",3
"04700",3
"04860",2
"04330",3
"04410",3
"04260",3
"04180",2
"06240",1
"06140",1
"33560",2
"33830",3
"33810",1
"40110",3
"40320",3
"40360",3
"40120",3
"40630",3
"40180",3
"13860",1
"13750",3
"13840",1
"13670",3
"13880",2
"16300",3
"13820",1
"13990",3
"13710",1
"16420",3
"16100",2
"16160",1
"16320",3
"16330",3
"16270",3
"47370",3
"47420",3
"47330",3
"47480",3
"59294",3
"59380",3
"59490",2
"59460",2
"59495",1
"59777",1
"59390",1
"59550",3
"59370",1
"59310",2
"04100",2
"59284",3
"59760",1
"59820",1
"59285",3
"59491",1
"59300",1
"59580",2
"62114",1
"62110",1
"62118",2
"62100",1
"64990",2
"64600",1
"75020",1
"75116",1
"94410",1
"77420",1
"77190",1
"77360",1
"77141",3
"77640",2
"77154",3
"77127",2
"77650",3
"77440",3
"77520",3
"77176",2
"83190",1
"83390",3
"64570",3
"64210",3
"64310",3
"64290",3
"64121",2
"64330",3
"75001",1
"75008",1
"16200",3
"23360",3
"62190",3
"62162",3
"62430",1
"62218",1
"62140",2
"62155",2
"62390",3
"62270",3
"62460",3
"62126",1
"62147",3
"62650",3
"62380",3
"62200",1
"59261",2
"59225",3
"59210",1
"59278",2
"59194",1
"59277",2
"59230",2
"59265",1
"59215",2
"69930",3
"74140",2
"74150",3
"73200",2
"74430",3
"73500",3
"73540",3
"73520",3
"14117",3
"14112",1
"14100",2
"14530",2
"14120",1
"14590",3
"14240",3
"14570",3
"14460",1
"44800",1
"44670",3
"44830",1
"44700",1
"44850",3
"44770",3
"53190",3
"53940",3
"53340",3
"53240",3
"53000",2
"53230",3
"60350",3
"60590",3
"01750",3
"01570",3
"01990",3
"07450",3
"07290",3
"07140",3
"07470",3
"07660",3
"07530",3
"07560",3
"07320",3
"07240",3
"14970",1
"38680",3
"38960",3
"38840",3
"38920",2
"38420",1
"38620",3
"38480",3
"42670",3
"59121",2
"59167",1
"59126",1
"59156",2
"59127",3
"59144",3
"59154",1
"59124",2
"59147",2
"59153",1
"59177",3
"69660",1
"69570",1
"69210",2
"69290",2
"69520",1
"69420",3
"69280",1
"69230",1
"69440",3
"69160",1
"69670",2
"60260",2
"60150",2
"60320",2
"60460",2
"60220",3
"60123",3
"60270",2
"63750",3
"63980",3
"63740",3
"63510",2
"60113",3
"61800",3
"61200",2
"60180",1
"60400",2
"60560",2
"61220",3
"60153",3
"60149",3
"22460",3
"22230",3
"22500",2
"22150",3
"22170",3
"22110",3
"22350",3
"38560",2
"42123",3
"42450",2
"42390",1
"42240",1
"42330",2
"42500",1
"49700",2
"49730",3
"49800",3
"56140",3
"56270",1
"56880",1
"56800",2
"56320",3
"56400",3
"56290",1
"56200",3
"56160",3
"56150",3
"56480",3
"56170",3
"22370",3
"22260",3
"27120",3
"27140",3
"38240",1
"38170",1
"38110",2
"49130",1
"49420",3
"49190",3
"49170",3
"49080",1
"50340",3
"49500",3
"49530",3
"50260",3
"50500",2
"49280",2
"11200",3
"11350",3
"11290",3
"11800",3
"12140",3
"12240",3
"03210",3
"03420",3
"03370",3
"03300",2
"03630",2
"03290",3
"03100",2
"03170",3
"03330",3
"03160",3
"03250",3
"12440",3
"12600",3
"12540",3
"12380",3
"12550",3
"24100",2
"26320",1
"26530",3
"26210",3
"26380",3
"26100",2
"26420",3
"26330",3
"24140",3
"61790",3
"61410",3
"60140",3
"63840",3
"63530",2
"63660",3
"63700",3
"63470",3
"70210",3
"70700",3
"56840",1
"56660",3
"56690",3
"56230",3
"56370",3
"56860",1
"56740",3
"56450",1
"56220",3
"76290",1
"76310",1
"76360",2
"76250",1
"76350",1
"76340",3
"70800",3
"70280",3
"70250",3
"70600",3
"72400",2
"72540",3
"72160",3
"72130",3
"72320",3
"72290",3
"72450",3
"72500",2
"72300",3
"90700",1
"90350",1
"49460",1
"49220",3
"49390",3
"49160",3
"49480",1
"52270",3
"52400",3
"52130",3
"52120",3
"50710",3
"50320",3
"50870",3
"50420",3
"50760",3
"50600",3
"50410",3
"50880",3
"50580",3
"60710",3
"60620",3
"19120",3
"19500",3
"19310",3
"19370",3
"19390",3
"19490",3
"19150",3
"19220",3
"19240",1
"22930",3
"22810",3
"22980",3
"22740",3
"27740",2
"27820",3
"27690",2
"27560",3
"27210",3
"27260",3
"27890",3
"29490",1
"24120",3
"26400",2
"29990",3
"29800",2
"29790",3
"29940",3
"29820",1
"35131",1
"35210",3
"35510",1
"35190",3
"35390",3
"35230",1
"35133",2
"35150",2
"35450",3
"35870",3
"35470",3
"35000",1
"35780",2
"42800",1
"42610",3
"42550",3
"42920",3
"90300",1
"60870",2
"85640",3
"85700",3
"85710",3
"85800",2
"85590",3
"85240",3
"85670",3
"85540",3
"85680",3
"85500",2
"29259",3
"29770",3
"29620",3
"29280",3
"29241",3
"29560",3
"29550",3
"29233",3
"29360",3
"29670",3
"29730",2
"29650",3
"29600",2
"29217",3
"29500",1
"38510",3
"38450",1
"73370",3
"73570",3
"73190",1
"73390",3
"73670",3
"73480",3
"24330",3
"24170",3
"24340",3
"24420",3
"24200",2
"24490",3
"24380",3
"24320",3
"24190",3
"24520",3
"24500",3
"33410",3
"33150",1
"33240",2
"33260",2
"33340",3
"33124",3
"59221",2
"59192",1
"59181",3
"59229",1
"59260",1
"59182",2
"59279",1
"69125",2
"69126",2
"76970",3
"76690",3
"76870",3
"76570",3
"76950",3
"76600",1
"76610",1
"76520",1
"76810",3
"76710",2
"76560",3
"76550",3
"76500",1
"73530",3
"48100",3
"48220",3
"48300",3
"48600",3
"45170",3
"51370",2
"51700",3
"51450",1
"51400",3
"95670",2
"95630",2
"95580",1
"95480",1
"51240",3
"54113",3
"54136",2
"54230",2
"54280",3
"15300",3
"15200",3
"15240",3
"97620",3
"97630",3
"02680",1
"02820",3
"02340",3
"02570",3
"02500",3
"02290",3
"02590",3
"30190",1
"30200",2
"30270",3
"30114",3
"20160",3
"20151",3
"20152",3
"30380",2
"30670",3
"02300",2
"02450",3
"30470",3
"30960",3
"30620",1
"30740",3
"30390",3
"30750",3
"30900",1
"30340",2
"34230",3
"34210",3
"34360",3
"34410",1
"34510",3
"34330",3
"34490",3
"34520",3
"34530",3
"34130",2
"67360",3
"02760",3
"17670",3
"16710",1
"16600",1
"17870",3
"17310",3
"17540",3
"17580",2
"17560",3
"17940",3
"20128",3
"20114",3
"20123",3
"20110",3
"20125",3
"20144",3
"30130",2
"30131",3
"67118",1
"67113",1
"67116",1
"67201",1
"67260",3
"80510",3
"80650",3
"80350",2
"80430",3
"80400",3
"80320",3
"80540",3
"80740",3
"80140",3
"67540",1
"67390",3
"67650",3
"67420",3
"67300",1
"67370",3
"67550",1
"68127",3
"68410",2
"68130",3
"68290",3
"68121",3
"68330",1
"95300",2
"95120",1
"95280",1
"95310",1
"93600",1
"93140",1
"62850",3
"62730",1
"62930",1
"62940",2
"62910",3
"62860",3
"77760",3
"80080",1
"78680",2
"78520",1
"77930",3
"78280",1
"78350",1
"78430",1
"79120",3
"78490",3
"78360",1
"78130",2
"77920",2
"78230",1
"79700",3
"78890",3
"79340",3
"79460",1
"78940",3
"78840",1
"78980",3
"79260",3
"79450",3
"78960",1
"79380",3
"79360",3
"86510",3
"86270",3
"86170",3
"86000",1
"86480",3
"86330",3
"86380",3
"86410",3
"91580",2
"91760",2
"91310",1
"91160",1
"91460",1
"91490",3
"91390",1
"93800",1
"93220",1
"93460",1
"93190",1
"93310",1
"95180",1
"94140",1
"94110",1
"94220",1
"94520",1
"94170",1
"75012",1
"94160",1
"94100",1
"94210",1
"94370",1
"94350",1
"77830",3
"77910",1
"77890",3
"78770",3
"78740",2
"78140",2
"78450",1
"78650",2
"79000",1
"78530",1
"78120",3
"78700",1
"78121",3
"84420",3
"84440",3
"84400",3
"84490",3
"83920",3
"84480",3
"84220",3
"84580",3
"84100",2
"91480",1
"91740",3
"91270",1
"93100",1
"91200",1
"91870",3
"91220",1
"91640",3
"97122",3
"97356",3
"97100",3
"97127",3
"97412",3
"97110",1
"97119",3
"97353",3
"97300",3
"83480",2
"83210",2
"83000",1
"83143",2
"83550",2
"83820",3
"87700",3
"83111",3
"87250",3
"83240",2
"83170",3
"83300",3
"97436",3
"97421",3
"97422",3
"97438",1
"97441",1
"97433",3
"97426",3
"83260",1
"87220",1
"83136",3
"83590",3
"87170",1
"87890",3
"87570",1
"87260",3
"87160",3
"87200",2
"87370",3
"87600",3
"97200",1
"97225",3
"97215",3
"97231",3
"97212",1
"97226",3
"97222",3
"31430",3
"28260",3
"34760",1
"34725",3
"54270",1
"54122",3
"66230",3
"66170",3
"66250",1
"66220",3
"66280",1
"66270",1
"66400",3
"66350",1
"66540",1
"66420",1
"68720",3
"68650",3
"68960",3
"68590",3
"68770",2
"68580",3
"68750",3
"68540",1
"68920",1
"68760",3
"68560",3
"95750",3
"34710",3
"34740",1
"31130",1
"31670",2
"31180",2
"31500",1
"31170",1
"31810",3
"31290",3
"31120",2
"36110",3
"36250",1
"36330",1
"36100",3
"36500",3
"36000",1
"41500",3
"41400",3
"41320",3
"01280",2
"01370",3
"01160",3
"01350",3
"01470",3
"01360",3
"01210",2
"01100",2
"01250",3
"14430",3
"14450",3
"14121",3
"14600",2
"14510",2
"09300",3
"22700",2
"21310",3
"27460",2
"24460",3
"76720",3
"76200",2
"80620",3
"77166",3
"83350",3
"82410",3
"95290",2
"97118",3
"29880",3
"38121",3
"42150",1
"40465",3
"41160",3
"49290",3
"44570",1
"46240",3
"46260",3
"56610",1
"56130",3
"57655",3
"57820",3
"62111",3
"63110",1
"62350",3
"63350",3
"63230",3
"64250",3
"64780",3
"63200",2
"70270",3
"67200",1
"70320",3
"74220",3
"07440",3
"06510",3
"08290",3
"09310",3
"13127",1
"17500",3
"27420",3
"25430",3
"25490",1
"25570",3
"25190",3
"20135",3
"30630",3
"30720",3
"31300",1
"32320",3
"42290",1
"42220",3
"39360",3
"39220",3
"54140",1
"59213",3
"59330",2
"59145",2
"63720",3
"62112",2
"63770",3
"67110",2
"67270",3
"71160",3
"70150",3
"72310",3
"05400",3
"05340",3
"12640",3
"19130",3
"18140",3
"36700",3
"45400",1
"45510",3
"52000",2
"72360",3
"79440",3
"85600",2
"85290",3
"84530",3
"83380",3
"85190",2
"83690",3
"83740",3
"91150",3
"58290",3
"77970",3
"95380",3
"90400",1
"94360",1
"89290",3
"88110",3
"60175",3
"77820",3
"78370",1
"03380",3
"03410",3
"26460",3
"37210",3
"49440",3
"87640",3
"93440",1
"89520",3
"06580",2
"03350",3
"11340",3
"16450",3
"21640",3
"21370",3
"60750",1
"60690",3
"62480",1
"67150",2
"77240",2
"77165",3
"59299",3
"59650",1
"62217",1
"67290",3
"66610",1
"71390",3
"68420",3
"71360",3
"73220",3
"80420",2
"81250",3
"79250",3
"79370",3
"84210",3
"81660",3
"87440",3
"97232",1
"14790",2
"14500",2
"23500",3
"30660",3
"30460",3
"33170",1
"33720",3
"34090",1
"38750",3
"40130",2
"89800",3
"97112",3
"03400",2
"06340",2
"10250",3
"21200",2
"18240",3
"30770",3
"32270",3
"36400",3
"44110",2
"43390",3
"44140",3
"44170",3
"49750",3
"24370",3
"27330",3
"94190",1
"88480",3
"33480",3
"33115",2
"42990",3
"63450",3
"69330",1
"55310",2
"54890",3
"62640",1
"62179",3
"65200",3
"65270",3
"71000",2
"68160",3
"74250",2
"74500",3
"80570",3
"77860",2
"83250",2
"95240",1
"91840",3
"91820",3
"33600",1
"33420",3
"31000",1
"40290",3
"46100",3
"54360",3
"67410",2
"69470",3
"76770",1
"79110",3
"86130",3
"01090",3
"10450",1
"27320",3
"27580",3
"97650",3
"92220",1
"93330",1
"87500",3
"04870",3
"02350",3
"02330",3
"13460",3
"14390",3
"22530",3
"22590",1
"27230",3
"26350",3
"24390",3
"25240",3
"31460",3
"30410",3
"29720",3
"34170",1
"32290",3
"37520",1
"37320",3
"35650",1
"44300",1
"45000",1
"45470",3
"50450",3
"55230",3
"59267",3
"59220",2
"59288",3
"58380",3
"62500",2
"63111",2
"64370",3
"69860",3
"69970",3
"69580",1
"81160",1
"80750",3
"87190",3
"52210",3
"80890",3
"81400",2
"85270",2
"81990",1
"81580",3
"82290",3
"91510",2
"97229",3
"29570",3
"33360",2
"34560",2
"38500",2
"38138",3
"35420",3
"43600",3
"42780",3
"40460",3
"40430",3
"50840",3
"51800",3
"51140",3
"59560",1
"59238",3
"59158",3
"59950",1
"62510",2
"62116",3
"67430",3
"67400",1
"63800",3
"70190",3
"73610",3
"18310",3
"52150",3
"52200",3
"60173",3
"93360",1
"95430",2
"95250",1
"89500",3
"03270",3
"07340",3
"13380",1
"14280",1
"14160",3
"15170",3
"17690",1
"23340",3
"88510",2
"97139",1
"05130",3
"61110",3
"78730",2
"77160",3
"92370",1
"88500",3
"42470",3
"57190",2
"54320",1
"59247",3
"59720",2
"57550",3
"59129",2
"57740",3
"57525",2
"62157",2
"69430",3
"81700",3
"82400",3
"05190",3
"05350",3
"11570",2
"11250",3
"21510",3
"49610",1
"47350",3
"64220",3
"77169",3
"78260",1
"01660",3
"01290",3
"02650",3
"02520",3
"08170",3
"13910",3
"22140",3
"20142",3
"31230",3
"33780",3
"91850",2
"92130",1
"94550",1
"89630",3
"57780",2
"63560",3
"66620",3
"85230",3
"85350",3
"09200",3
"14960",3
"20147",3
"29590",3
"33610",2
"31400",1
"44220",1
"40390",3
"50550",3
"51160",3
"54540",3
"62128",3
"62149",2
"62136",3
"71400",2
"68840",1
"76590",3
"83980",2
"83340",2
"90380",1
"13780",1
"21290",3
"30100",2
"20234",3
"49600",3
"45310",3
"80520",2
"84800",3
"84390",3
"91000",1
"95500",1
"15400",3
"14113",3
"15590",3
"22310",3
"27380",3
"24400",3
"20165",3
"29750",3
"29510",3
"38360",1
"35300",2
"43380",3
"44440",3
"51430",1
"55500",3
"54112",3
"59320",1
"13821",1
"59253",2
"57840",2
"62117",2
"65170",3
"63122",1
"69490",3
"76300",1
"85430",3
"89400",2
"93410",1
"94480",1
"94000",1
"95100",1
"88340",3
"90800",3
"25160",3
"33370",2
"34420",1
"34440",3
"31110",3
"38650",3
"35640",3
"43300",3
"43320",3
"53220",3
"50690",3
"57590",3
"59510",1
"88530",3
"88640",3
"97354",3
"95610",1
"91890",3
"94880",1
"87520",3
"89710",3
"11120",3
"08370",3
"13770",1
"21450",3
"26730",3
"51300",3
"51290",3
"56420",3
"56330",3
"67570",2
"68128",2
"68870",2
"77940",3
"78480",1
"78930",1
"78150",1
"97220",3
"97270",3
"63710",3
"69480",2
"69007",1
"69780",2
"76620",1
"14610",3
"22360",1
"27620",3
"25600",1
"35250",3
"43200",3
"57930",3
"54740",3
"59198",3
"59240",1
"59245",2
"66150",3
"66560",3
"05200",3
"02390",3
"12330",3
"12480",3
"12420",3
"18570",1
"16210",3
"20214",3
"49250",2
"49125",3
"60940",3
"58120",3
"58130",3
"60126",3
"60190",3
"61430",3
"67460",1
"67220",3
"68180",1
"74230",3
"80000",1
"77330",2
"77630",3
"78440",3
"95220",1
"24660",2
"27610",3
"27660",3
"38460",3
"42430",3
"59189",3
"69460",3
"14360",2
"14111",1
"12700",3
"12260",3
"32310",3
"44240",3
"50530",3
"57320",3
"54300",2
"65330",3
"71800",3
"70140",3
"73320",3
"77560",3
"77000",1
"86250",3
"84430",3
"81320",3
"81210",3
"76390",3
"05500",3
"10240",3
"15120",3
"06320",2
"13220",1
"76117",3
"72610",3
"82360",3
"82800",3
"16110",3
"23160",3
"21160",1
"20251",3
"20620",2
"36200",2
"37310",3
"47220",3
"60141",3
"62990",3
"77680",1
"84130",1
"86210",3
"87300",3
"83310",3
"95830",3
"91720",3
"10330",3
"25440",3
"34970",1
"39370",3
"35590",1
"35430",3
"42890",3
"46340",3
"50140",3
"59162",2
"59750",2
"59970",1
"57790",3
"65230",3
"97605",1
"38760",1
"37530",3
"43590",3
"43160",3
"39110",3
"59222",3
"58270",3
"58330",3
"58180",2
"61260",3
"65400",3
"68100",1
"76740",3
"73290",1
"73640",3
"80290",3
"79510",1
"77270",1
"84860",3
"87100",1
"83680",3
"01000",2
"04500",3
"02490",3
"02210",3
"02230",3
"19210",3
"21400",3
"17420",2
"17137",1
"27400",3
"34290",1
"33112",3
"33530",1
"82330",3
"11600",3
"20229",3
"89660",3
"41110",3
"60210",3
"78300",1
"77990",3
"91810",2
"44600",1
"48210",3
"51170",3
"56340",3
"60360",3
"59161",2
"59165",2
"62196",2
"67210",2
"63580",3
"67750",3
"68910",3
"67720",2
"78750",1
"79500",3
"79390",3
"84190",3
"85110",3
"83600",1
"95780",3
"97380",3
"02240",3
"02470",3
"03390",3
"02720",1
"10100",3
"13940",3
"13890",3
"13250",3
"22130",3
"22210",3
"27200",2
"25520",3
"30260",3
"20600",2
"34070",1
"32490",3
"31150",1
"36230",3
"42650",1
"93290",1
"97218",3
"35160",3
"35200",1
"44520",3
"40660",3
"42130",3
"48500",3
"46360",3
"59700",1
"57420",3
"59249",3
"57480",3
"62000",1
"66370",1
"69790",3
"72240",3
"73140",3
"73400",2
"73460",3
"86490",3
"84810",3
"83320",1
"01380",3
"19360",1
"18230",1
"21410",3
"20221",3
"20290",3
"37250",2
"41230",3
"02220",3
"07190",3
"13290",1
"13330",3
"13680",2
"17440",1
"22660",3
"25220",1
"20119",3
"58370",3
"61400",3
"77171",3
"91400",1
"92000",1
"93400",1
"89530",3
"95650",2
"87110",1
"05480",3
"04380",3
"02260",3
"11380",3
"11170",3
"08330",2
"13012",1
"17139",1
"16490",3
"17880",3
"27110",3
"25510",3
"30420",2
"31880",2
"38000",1
"44130",3
"55220",3
"55260",3
"59570",3
"59130",1
"59125",2
"59193",1
"59280",1
"67970",3
"71190",3
"26270",3
"26740",3
"26110",3
"62780",2
"64000",1
"74580",3
"73420",2
"89260",3
"90000",1
"90600",3
"71600",2
"76450",3
"93320",1
"72440",3
"78570",1
"86240",3
"87230",3
"16720",3
"17200",2
"20231",3
"20228",3
"30510",1
"28200",2
"52260",3
"60112",1
"60410",2
"80132",2
"97460",3
"92600",1
"92380",1
"92120",1
"87350",1
"89740",3
"88360",3
"05320",3
"02800",2
"18220",3
"26450",3
"26000",1
"26790",3
"40500",3
"57365",3
"55300",3
"54840",3
"54210",3
"57640",3
"68790",1
"04510",3
"10170",3
"10370",3
"08800",3
"12220",3
"23300",3
"23380",3
"27710",3
"20134",3
"28170",3
"34340",2
"37540",1
"37290",3
"42560",3
"42131",1
"01460",2
"35410",2
"35520",3
"43500",3
"44270",3
"50160",3
"50150",3
"59235",3
"59160",1
"69610",3
"69620",3
"97223",3
"74120",3
"73450",3
"79220",3
"77164",2
"83570",3
"83220",1
"83200",1
"83330",3
"87320",3
"87150",3
"92360",1
"92390",1
"53370",3
"50520",3
"56460",3
"54310",2
"59400",2
"59191",2
"59119",1
"59170",1
"62980",2
"62770",3
"62470",2
"62600",2
"67690",3
"67240",2
"69910",3
"69250",1
"81090",3
"91380",1
"95320",1
"88160",2
"07690",3
"24560",3
"24530",3
"22340",3
"32160",3
"42810",3
"44210",2
"40230",2
"50110",3
"59480",1
"59111",2
"59217",3
"59112",2
"62134",3
"71620",3
"69240",3
"69730",1
"06670",1
"06210",2
"01300",2
"06730",1
"13110",1
"25530",3
"20113",3
"29440",3
"35260",3
"31520",2
"39240",3
"44550",1
"46120",3
"51600",3
"91170",1
"93130",1
"87510",3
"88430",3
"02460",3
"18360",3
"18520",3
"21700",3
"21760",3
"21440",3
"52410",3
"62175",3
"75016",1
"74340",3
"80470",2
"80680",1
"78250",2
"78780",1
"54120",3
"63112",1
"65220",3
"69410",1
"76960",1
"81450",3
"86460",3
"11300",3
"20212",3
"49740",3
"95690",3
"95560",2
"29253",3
"33650",3
"32460",3
"38340",3
"35270",3
"44370",3
"56560",3
"54260",3
"57565",2
"62240",3
"66740",2
"76750",3
"74270",3
"04370",3
"14340",3
"17380",3
"17120",3
"17330",3
"24640",3
"25300",2
"20131",3
"30210",3
"77250",2
"86390",3
"83630",3
"97140",3
"06380",3
"06220",1
"10120",1
"17450",3
"21130",3
"31660",3
"31480",3
"37140",3
"48250",3
"45490",3
"47700",3
"54610",3
"62570",2
"60119",3
"68730",3
"78200",3
"77870",2
"78410",2
"77290",1
"83530",1
"91230",1
"01680",3
"07700",3
"14200",1
"22520",2
"22690",3
"29980",3
"29710",3
"29540",3
"39570",2
"44260",3
"59113",1
"59226",3
"57860",2
"65350",3
"65150",3
"69850",3
"85690",3
"82000",2
"88700",3
"02620",3
"03150",3
"02610",3
"82150",3
"90120",1
"95350",1
"15260",3
"27650",3
"29860",2
"33500",3
"35240",3
"42940",3
"50660",3
"50590",3
"54790",2
"59292",2
"59200",1
"65310",2
"66700",2
"65420",1
"65490",3
"71350",3
"69310",1
"76680",3
"76540",3
"13104",2
"13570",3
"12000",2
"12500",3
"21320",3
"20279",3
"28400",3
"36150",3
"49770",1
"52600",3
"56390",3
"75013",1
"78124",2
"84340",3
"87140",3
"89144",3
"54150",2
"59116",1
"59243",1
"57645",1
"62131",2
"63690",3
"76000",1
"71230",2
"73170",3
"78510",1
"84470",3
"04200",2
"02830",3
"11190",3
"08140",3
"12300",3
"21460",3
"22960",1
"27860",3
"27810",3
"30230",1
"28480",3
"38210",2
"38190",3
"43550",3
"41170",3
"40480",3
"47470",3
"51000",1
"92170",1
"97317",3
"41250",3
"41220",3
"97130",3
"34450",3
"32600",2
"38540",3
"37300",1
"35610",3
"44340",1
"46270",3
"62144",3
"66650",3
"64100",1
"69190",1
"68620",2
"68700",2
"68230",3
"77130",3
"78540",1
"89320",3
"06800",1
"02580",3
"11560",3
"10200",2
"07250",3
"13240",1
"14114",3
"12430",3
"22870",3
"27240",3
"24240",3
"30760",3
"33121",3
"95110",1
"89410",3
"03460",3
"06600",1
"02360",3
"08210",3
"13015",1
"14270",3
"13118",2
"19340",3
"19350",3
"17132",3
"22120",1
"26160",3
"20132",3
"31220",3
"48270",3
"51260",3
"51100",1
"55840",2
"59297",3
"59273",1
"28190",3
"49150",3
"49320",3
"49122",3
"45600",2
"45700",3
"91630",2
"95760",2
"61490",3
"62810",3
"66110",3
"71260",3
"97311",3
"91240",1
"97352",3
"97310",3
"97121",3
"97227",3
"97450",3
"97315",3
"04280",3
"12130",3
"21120",3
"28290",3
"91750",2
"20213",3
"45650",1
"45230",3
"60890",3
"62219",2
"92270",1
"97355",3
"01510",3
"09500",3
"13004",1
"24750",3
"22290",3
"27300",2
"27160",3
"25700",1
"31510",3
"38150",3
"35114",3
"55170",3
"54800",3
"59246",2
"57185",2
"62121",3
"66330",1
"69380",2
"68800",2
"68440",1
"76910",3
"72650",2
"79320",3
"84290",3
"42340",2
"59159",3
"62160",1
"76490",3
"77370",3
"85120",3
"83830",3
"89300",2
"89580",3
"01450",3
"22680",2
"24410",3
"29680",2
"29780",3
"33790",3
"38100",1
"92350",1
"93230",1
"95400",1
"10270",3
"14440",2
"27390",3
"24300",3
"20090",1
"31140",1
"28300",1
"33950",3
"39270",3
"44190",2
"42590",3
"42600",2
"42460",3
"47380",3
"47440",3
"44330",3
"47500",2
"47300",2
"54860",2
"55110",3
"59500",1
"59410",1
"57730",3
"62580",1
"61450",3
"66160",3
"67790",3
"07310",3
"07370",3
"15430",3
"13080",1
"21610",3
"27450",3
"14260",3
"13690",3
"12320",3
"16590",3
"17390",3
"17650",3
"30124",3
"32170",3
"31370",3
"50610",3
"56670",1
"54440",2
"63100",1
"61250",3
"66340",3
"66430",1
"64110",1
"64230",3
"68820",3
"74930",3
"77118",3
"80310",3
"80240",3
"80330",1
"77167",3
"77200",1
"79230",3
"77133",3
"85330",3
"85340",2
"86470",3
"86340",3
"81340",3
"94260",1
"87720",3
"02170",3
"11410",3
"18270",3
"17510",3
"30580",3
"36600",3
"56930",3
"60230",2
"62830",3
"60130",3
"68360",2
"80850",2
"77430",2
"77580",2
"78380",1
"86600",3
"07400",3
"10360",3
"29250",3
"31490",2
"42310",3
"42630",3
"48120",3
"50560",3
"51120",2
"54400",2
"59155",1
"71490",3
"71540",3
"76700",1
"19520",3
"20270",3
"36340",3
"41330",3
"60880",1
"78240",1
"95210",1
"92290",1
"93470",1
"97370",3
"01710",2
"10130",3
"07120",3
"08410",3
"13116",3
"16000",1
"16460",3
"17770",3
"27750",3
"25310",3
"30121",2
"33770",3
"31590",3
"32430",3
"39700",3
"39400",2
"44610",1
"48800",3
"48340",3
"46500",3
"45320",3
"45240",3
"60610",1
"94430",1
"89220",3
"54700",2
"54430",2
"59930",1
"61350",3
"65120",3
"65240",3
"69640",3
"67820",3
"69720",2
"79240",3
"78955",1
"83840",3
"84660",3
"84240",3
"26780",3
"20237",3
"36300",3
"59296",3
"62340",2
"65510",3
"67206",1
"64870",3
"71310",3
"71670",3
"74460",2
"85660",3
"07160",3
"09140",3
"14940",3
"12580",3
"15130",3
"13121",3
"13600",1
"13580",2
"12620",3
"17350",3
"30570",3
"30125",3
"28130",3
"33200",1
"33113",3
"39140",3
"38400",1
"37800",3
"42530",1
"50490",3
"54410",1
"94510",1
"21260",3
"20225",3
"37700",1
"45100",1
"45130",3
"52360",3
"62224",1
"62310",3
"62185",3
"62220",1
"60740",2
"74320",2
"87240",3
"88390",3
"90100",3
"37400",2
"41370",3
"49640",3
"47260",3
"14800",3
"33970",3
"38610",1
"35136",1
"67600",3
"67490",3
"80190",3
"78950",3
"77950",1
"79210",1
"84120",3
"35850",3
"43190",3
"42820",3
"46320",3
"54190",2
"59133",3
"59553",1
"63520",3
"71680",3
"05240",3
"05470",3
"13960",1
"18000",1
"20117",3
"97111",3
"07790",3
"08220",3
"14320",2
"24630",3
"24680",3
"24290",3
"20140",3
"33460",3
"31350",3
"32200",3
"31250",2
"38280",3
"35460",3
"42400",1
"39230",3
"53960",2
"53200",2
"53410",3
"59282",2
"67800",1
"63430",1
"68690",2
"68350",1
"69890",1
"76730",3
"76890",3
"86200",2
"85160",3
"81290",3
"89140",3
"90170",3
"94470",1
"95260",2
"33760",3
"59234",1
"65440",3
"80130",2
"77173",3
"78117",1
"83610",3
"86230",3
"82500",3
"89420",3
"72230",2
"81390",3
"78630",2
"83660",3
"91420",1
"87620",3
"95840",2
"05000",2
"06260",3
"02120",3
"15320",3
"13490",1
"19430",3
"16400",2
"26240",3
"26540",2
"25400",1
"30440",3
"28240",3
"29242",3
"34370",3
"38410",2
"38550",2
"49070",1
"49123",3
"44310",3
"53380",3
"51210",3
"50430",3
"54980",3
"97490",1
"34590",2
"84200",2
"91540",2
"24570",3
"12160",3
"66680",1
"76370",3
"68124",1
"16260",3
"84000",1
"85390",3
"47520",2
"70130",3
"26570",3
"02630",3
"54690",2
"64410",3
"56770",3
"97430",3
"97230",3
"70290",3
"22250",3
"38140",2
"66290",3
"09270",3
"54770",3
"57390",2
"31270",1
"66000",1
"02270",3
"30150",3
"07380",3
"77380",2
"26300",3
"49650",3
"59163",1
"23270",3
"64240",3
"46200",3
"25200",1
"20127",3
"80220",3
"60157",3
"34800",3
"33430",3
"31310",3
"38118",3
"42570",1
"43580",3
"48310",3
"48000",2
"52330",3
"51390",3
"54780",2
"54850",2
"57580",3
"58500",3
"58530",3
"61150",3
"67990",3
"66390",1
"63670",2
"65660",3
"64320",1
"69600",1
"69870",3
"75003",1
"76920",1
"01140",3
"06330",1
"06550",2
"13115",1
"18350",3
"17430",3
"24210",3
"21210",3
"22820",3
"21500",3
"26470",3
"44590",3
"62880",1
"25620",3
"32120",3
"64440",3
"24250",3
"64200",2
"45140",1
"35170",1
"34300",2
"59218",3
"02880",3
"30820",1
"97432",3
"67205",1
"80230",3
"80134",3
"67560",3
"67680",3
"68270",1
"86160",3
"86400",3
"97314",3
"24230",3
"59271",3
"10430",1
"08380",3
"65290",2
"18330",3
"45190",3
"51460",3
"81710",3
"57290",2
"57470",2
"57915",3
"71880",1
"89340",2
"43350",3
"44400",1
"32340",3
"06390",2
"13300",2
"23110",3
"75011",1
"38870",3
"59171",2
"59175",1
"59169",1
"42410",3
"56590",1
"44980",1
"53360",3
"14810",3
"72430",3
"72510",3
"90340",3
"49340",3
"52700",3
"27850",3
"24110",3
"38320",2
"03360",3
"77660",3
"30132",1
"18400",3
"49360",3
"26560",3
"20246",3
"69006",1
"59114",3
"87410",1
"65320",3
"68950",1
"60730",3
"17150",3
"45630",3
"58390",3
"64270",3
"53700",3
"86550",1
"32400",3
"59293",2
"72150",3
"36270",3
"83640",1
"43530",3
"26750",3
"88200",2
"79270",1
"60820",3
"25770",1
"25410",3
"44680",3
"20146",3
"29830",3
"67510",3
"49670",3
"78160",1
"84410",3
"92300",1
"59660",2
"63260",3
"60380",3
"20133",3
"14840",1
"20112",3
"73300",2
"12850",2
"50860",3
"62142",3
"62420",1
"66380",2
"13420",1
"14760",1
"38144",3
"27190",3
"73720",3
"54570",3
"65300",3
"34670",1
"77570",3
"62840",2
"82220",3
"22620",3
"44750",3
"57510",3
"61310",3
"97228",3
"89330",3
"33123",3
"31620",3
"95620",2
"59223",1
"34260",3
"80980",3
"80600",2
"78610",2
"86280",1
"91430",1
"84570",3
"97360",3
"10280",3
"18170",3
"18260",3
"54240",2
"59496",1
"40300",3
"40370",3
"58460",3
"63220",3
"88630",3
"43420",3
"77144",2
"77150",3
"77460",3
"64450",3
"47410",3
"11620",3
"56680",3
"76130",1
"14370",2
"44710",3
"12560",3
"26310",3
"19160",3
"22410",3
"38250",3
"89600",3
"69550",3
"05310",3
"81200",3
"14420",3
"19470",3
"60640",3
"62670",1
"63920",3
"63115",2
"42114",3
"13850",2
"45380",2
"77610",3
"38770",3
"53420",3
"90360",3
"57920",3
"50190",3
"38930",3
"35350",3
"53140",3
"86420",3
"49350",3
"74210",2
"68660",3
"38180",1
"27570",3
"78600",1
"84460",3
"91770",2
"11140",3
"08390",3
"07100",2
"59118",1
"76400",3
"21600",1
"62920",2
"41140",3
"82230",3
"25750",3
"95490",1
"30430",3
"67250",3
"80170",3
"59232",3
"54550",2
"54160",3
"68680",3
"10230",3
"58170",3
"18190",3
"48190",3
"51420",3
"47320",3
"25960",1
"37330",3
"04140",3
"04290",3
"57950",1
"47000",2
"70100",2
"63118",1
"32240",3
"06470",3
"13119",1
"77181",2
"77350",1
"13440",3
"14140",3
"44740",2
"01640",3
"14750",2
"49540",3
"27270",3
"22160",3
"22190",1
"29810",3
"35730",3
"60840",3
"69830",3
"32370",3
"52310",3
"58340",3
"59610",2
"76860",3
"33138",2
"69004",1
"10340",3
"30560",2
"37370",3
"87120",3
"69008",1
"74470",3
"84270",1
"85310",3
"49310",3
"27640",3
"20138",3
"09290",3
"13650",1
"32390",3
"78126",2
"59780",1
"17740",3
"18500",2
"04190",3
"77184",1
"31850",1
"39290",3
"10140",3
"26150",3
"13009",1
"68830",3
"24360",3
"57160",1
"67230",2
"43620",3
"55240",3
"91210",1
"25450",3
"32500",3
"66100",1
"17370",3
"62172",1
"27670",2
"33180",3
"35720",3
"95450",3
"94400",1
"14780",1
"59283",1
"74370",3
"97423",3
"93160",1
"84170",2
"24220",3
"33127",2
"46700",3
"31790",1
"36190",3
"41700",3
"68630",2
"92210",1
"89770",3
"10350",3
"45150",2
"54130",1
"59430",1
"59350",1
"06740",1
"04150",3
"04250",3
"57530",3
"77090",1
"64160",3
"75004",1
"62440",1
"62660",2
"29380",3
"69002",1
"69530",3
"01260",3
"14310",3
"12310",3
"26130",3
"72340",3
"60660",3
"63680",3
"60134",3
"49410",3
"39210",3
"33750",3
"29260",2
"75006",1
"64520",3
"67160",3
"60700",2
"77600",2
"21630",3
"32190",3
"59128",1
"86310",3
"89240",3
"14880",1
"20139",3
"56750",3
"74110",3
"30530",3
"67870",2
"68200",1
"90160",1
"30122",3
"62870",3
"68260",1
"45620",3
"62400",2
"28120",3
"43490",3
"89000",2
"40550",3
"18410",3
"83119",3
"63870",1
"71210",2
"76119",3
"14400",2
"58310",3
"21530",3
"10260",3
"16170",3
"62151",2
"20219",3
"38980",3
"42720",3
"52290",3
"01150",2
"66130",3
"38112",3
"71460",3
"57100",2
"97160",3
"36260",3
"72190",1
"13360",1
"34270",3
"35560",3
"03500",3
"29900",2
"48170",3
"31550",3
"69960",1
"76940",3
"30840",3
"30650",1
"34630",3
"67500",2
"20100",3
"97400",1
"91620",1
"97113",3
"31580",3
"41350",2
"55250",3
"51320",3
"92140",1
"88370",3
"43450",3
"38530",3
"38700",1
"42440",3
"56240",3
"56570",1
"60420",3
"61290",3
"50120",1
"60127",3
"27150",3
"38300",2
"35330",3
"08250",3
"37150",3
"43140",3
"59148",1
"02640",3
"36370",3
"22430",3
"56120",3
"35290",3
"54200",3
"07410",3
"77840",3
"59244",3
"82340",3
"18200",3
"19230",3
"64340",1
"91520",2
"23460",3
"20126",3
"54110",2
"37420",3
"59236",1
"13320",1
"29246",3
"19700",3
"33440",1
"02000",3
"78100",1
"46150",3
"76320",1
"81260",3
"05800",3
"52300",3
"66180",1
"34830",1
"13126",1
"77540",3
"80490",3
"12370",3
"17230",3
"30400",1
"39460",3
"10700",3
"66720",3
"30520",2
"47400",3
"56470",3
"46210",3
"97221",3
"63550",3
"41150",3
"50310",3
"31440",3
"48150",3
"51520",1
"64120",3
"76470",2
"76760",3
"20153",3
"17810",3
"80820",3
"79130",3
"86110",3
"91300",1
"78400",1
"91600",1
"24350",3
"33250",3
"36130",1
"18510",3
"48370",3
"51200",2
"59360",3
"59870",3
"59920",1
"06620",1
"06370",2
"05170",3
"37460",3
"71700",3
"82170",3
"33820",3
"40410",3
"47110",3
"89470",3
"88800",3
"43230",3
"32100",3
"23210",3
"62540",2
"62161",3
"62630",3
"62182",3
"11500",3
"38430",2
"38440",3
"59140",1
"69350",1
"56540",3
"14150",2
"44810",3
"60200",1
"50720",3
"61570",3
"22240",3
"35660",3
"12170",3
"01420",3
"22580",3
"28700",3
"16730",1
"25320",1
"91690",3
"81500",2
"57910",3
"38119",3
"77177",1
"60160",1
"33860",3
"13760",1
"38120",3
"71740",3
"85560",3
"81190",3
"40510",3
"62760",3
"10410",3
"10420",1
"33380",2
"21170",3
"97137",3
"23190",3
"50540",3
"20000",1
"51530",3
"60300",2
"13113",3
"42540",3
"76440",3
"45680",3
"60810",3
"27940",2
"58200",3
"40350",3
"22800",3
"66690",3
"34980",2
"58430",3
"31820",1
"66490",3
"78790",3
"44521",3
"86120",3
"63910",2
"64680",3
"11430",3
"74360",3
"28410",3
"97615",3
"59188",3
"73620",3
"02860",3
"97414",3
"62800",1
"54940",3
"66260",3
"65260",3
"51330",3
"81130",3
"82370",3
"40200",3
"57440",3
"65700",3
"89450",3
"88520",3
"21250",3
"21240",1
"77126",3
"64530",3
"62360",1
"75014",1
"11110",3
"12450",3
"85410",3
"29000",1
"56730",3
"61370",3
"85490",3
"68118",3
"13630",3
"74330",2
"26190",3
"23600",3
"33160",1
"69370",1
"33710",3
"61240",3
"91780",3
"45520",3
"31840",1
"02100",1
"13930",3
"17530",3
"56500",3
"77620",3
"87590",1
"22640",3
"34500",1
"85360",3
"97470",3
"03220",3
"77700",2
"06130",2
"61140",3
"25111",3
"72700",3
"27930",1
"49260",3
"97435",3
"60510",3
"12250",3
"59540",2
"08130",3
"60129",3
"60290",2
"69120",1
"62250",2
"84360",3
"15500",3
"40190",3
"59493",1
"38113",1
"13001",1
"67520",2
"86350",3
"10500",3
"33570",3
"33670",3
"24000",2
"02410",3
"97233",1
"67114",1
"68280",3
"62710",1
"62890",3
"86430",3
"78640",2
"91120",1
"91550",1
"83110",1
"55210",3
"66310",1
"92230",1
"51230",3
"51350",1
"59554",2
"59680",2
"06830",3
"33910",3
"33680",3
"57340",3
"89550",3
"43770",2
"43260",3
"13010",1
"77170",2
"20227",3
"11610",3
"03230",3
"38660",2
"53970",3
"70220",3
"14920",1
"27910",3
"29930",3
"22270",3
"42510",3
"13014",1
"52190",3
"44580",3
"59770",1
"34600",3
"77280",2
"97214",3
"37190",3
"59262",1
"62156",3
"10210",3
"09110",3
"33730",3
"24260",3
"51190",3
"83510",3
"86370",3
"93270",1
"37510",1
"74310",3
"76460",3
"33880",3
"72250",3
"37600",3
"68000",1
"85580",3
"59960",1
"59138",2
"35690",1
"01960",3
"87210",3
"63400",1
"15700",3
"35540",3
"97427",3
"97190",3
"12120",3
"61420",3
"68140",2
"23700",3
"29270",2
"53160",3
"57410",3
"40140",3
"16480",3
"23320",3
"74380",1
"97117",3
"27730",3
"97141",3
"33590",3
"91680",2
"80100",2
"93000",1
"55160",3
"41300",2
"68470",2
"09400",3
"58210",3
"48700",3
"45120",2
"59552",1
"25650",3
"92100",1
"33620",3
"44490",2
"21330",3
"13270",2
"23260",3
"47430",3
"11700",3
"01390",3
"63950",3
"63960",2
"22220",3
"27830",3
"61700",3
"85460",3
"63590",3
"27290",3
"57905",3
"61330",3
"27130",2
"33450",2
"62123",3
"77480",3
"12720",3
"13700",1
"14480",3
"34400",3
"59450",1
"62575",2
"88460",3
"72210",3
"97442",3
"77510",3
"91130",1
"20143",3
"56490",3
"68850",1
"48200",3
"54115",3
"33270",1
"67770",3
"06810",2
"50200",3
"50640",3
"67202",1
"35370",3
"22560",3
"22860",3
"83500",1
"62138",2
"60790",3
"78470",2
"07500",1
"38130",1
"65560",3
"17210",3
"61100",3
"38122",3
"45640",3
"83470",3
"61160",3
"02190",3
"67280",3
"22450",3
"34460",3
"32350",3
"59269",1
"97180",3
"59179",2
"61380",3
"31750",2
"73630",3
"02130",3
"17490",3
"68380",3
"68126",2
"97351",3
"59211",1
"09230",3
"45270",3
"51500",3
"25330",3
"82210",3
"04110",3
"04420",3
"33850",2
"63270",3
"89690",3
"05120",3
"06710",3
"83490",2
"20240",3
"47230",3
"49000",1
"38600",1
"26290",2
"72200",2
"72530",1
"49380",3
"52240",3
"50360",3
"22950",1
"27220",3
"27950",2
"35550",3
"85450",3
"92700",1
"95360",1
"59790",1
"68110",1
"40170",3
"33800",1
"55800",3
"77340",1
"50370",3
"97660",3
"86360",1
"85210",3
"30220",2
"15380",3
"24480",3
"44117",1
"59287",2
"56350",3
"21121",1
"68570",3
"54490",3
"91250",1
"13590",1
"90850",1
"77134",3
"95550",1
"72140",3
"91280",1
"29700",1
"80830",3
"25920",3
"62370",3
"27250",3
"56410",3
"57890",3
"77174",3
"15270",3
"29180",1
"80210",3
"50250",3
"59266",3
"97480",3
"78330",1
"01560",3
"56580",3
"04320",3
"72600",3
"42830",3
"71340",3
"69340",1
"63630",3
"74000",1
"30490",3
"61500",3
"95600",1
"44115",2
"81640",3
"31700",1
"28600",1
"97250",3
"20171",3
"17220",3
"17640",2
"80450",1
"68120",1
"80122",3
"95160",1
"97128",3
"87400",3
"59233",1
"36210",3
"09420",3
"45300",2
"54380",3
"71140",3
"40800",3
"47130",3
"44160",3
"44100",1
"32420",3
"13117",1
"77114",3
"64640",3
"47210",3
"13790",1
"03440",3
"29480",1
"59172",3
"14680",3
"07800",2
"70440",3
"14930",3
"22570",3
"38114",3
"19460",3
"34200",2
"80131",3
"56310",3
"64350",3
"33230",2
"27630",3
"23140",3
"20163",3
"68210",3
"42153",1
"76580",1
"73270",3
"40380",3
"59185",2
"05230",3
"28800",3
"60370",3
"64800",2
"40240",3
"93250",1
"62950",1
"80640",3
"14520",3
"88230",3
"34000",1
"18800",3
"49660",3
"63610",3
"15150",3
"91610",2
"21540",3
"53950",3
"38270",3
"95140",1
"03190",3
"19260",3
"59420",1
"15310",3
"38470",3
"29690",3
"47310",3
"69110",1
"77185",1
"88470",3
"91570",1
"56850",1
"66530",2
"11540",3
"12780",3
"25690",3
"54114",3
"81270",3
"54134",3
"38850",3
"76270",3
"76150",1
"85320",3
"41290",3
"20116",3
"28340",3
"45290",3
"16410",3
"78125",3
"13450",2
"71850",2
"95570",2
"02550",3
"76630",3
"30450",3
"62790",1
"80410",3
"80160",3
"67320",3
"91290",1
"97120",3
"83160",1
"34810",3
"36800",3
"41200",2
"65380",3
"51310",3
"51250",3
"25260",3
"39330",3
"33840",3
"21590",3
"06270",1
"13920",1
"62127",3
"03310",3
"59134",1
"69003",1
"42270",1
"56760",3
"01440",3
"12520",3
"49450",3
"19330",3
"61440",3
"85370",3
"22940",3
"35135",1
"03120",3
"27530",3
"55400",3
"83130",1
"14980",3
"22440",1
"35960",3
"66500",2
"93340",1
"78690",2
"97425",3
"24700",3
"40270",3
"26220",3
"59115",1
"97390",3
"04660",3
"47600",3
"70300",3
"76260",3
"29390",3
"49710",3
"85440",3
"94230",1
"34690",1
"30320",1
"64150",2
"71760",3
"22490",3
"25350",1
"32110",3
"07220",3
"87000",1
"57000",1
"97170",3
"08150",3
"97142",1
"71118",2
"17340",3
"33185",1
"14330",3
"57255",2
"79140",3
"12740",3
"72390",3
"91470",2
"28630",1
"28360",3
"59212",3
"73590",3
"02200",2
"97260",3
"30160",3
"67730",2
"68190",1
"78320",2
"84550",3
"87420",3
"68550",2
"88130",3
"09210",3
"65110",3
"65000",1
"08230",3
"37220",3
"33550",3
"57670",3
"89510",3
"44120",1
"21190",3
"32250",3
"13011",1
"13129",2
"75018",1
"23290",3
"75002",1
"16190",3
"62520",3
"13800",2
"38520",3
"56910",3
"14170",3
"01630",3
"26340",3
"72100",1
"19000",3
"22710",3
"27700",2
"35340",2
"35500",2
"97211",3
"15110",3
"20276",3
"29410",3
"76160",1
"23350",3
"60960",3
"25113",3
"01340",3
"66660",3
"81110",3
"62320",1
"63170",1
"85100",2
"38740",3
"97670",3
"83990",3
"13100",1
"13140",2
"86220",3
"43270",3
"04270",3
"44450",3
"57220",3
"11390",3
"87380",3
"39350",3
"84700",2
"13200",2
"17130",3
"76650",1
"78110",1
"82440",3
"92160",1
"82390",3
"02250",3
"29340",3
"45330",2
"62141",1
"18380",3
"73260",3
"50730",3
"67590",2
"57385",3
"70400",3
"27770",3
"56550",2
"14220",3
"85610",3
"67100",1
"92500",1
"78390",1
"62119",1
"60170",3
"15000",2
"74300",3
"34310",3
"17113",3
"80690",3
"95000",1
"62720",3
"80090",1
"97318",3
"33400",1
"54720",2
"34650",3
"45220",3
"59840",1
"39160",3
"71500",2
"40000",2
"57960",3
"58240",3
"39500",2
"32730",3
"32140",3
"32810",3
"77135",3
"20250",2
"16140",3
"62700",2
"11580",3
"01120",3
"53800",3
"07330",3
"50460",3
"50100",1
"63730",2
"61560",3
"85750",3
"85250",3
"85620",3
"95740",1
"03450",3
"89160",3
"69800",1
"14130",3
"44880",1
"90500",2
"95540",1
"10220",3
"33220",3
"59640",1
"18110",3
"31650",2
"63360",3
"01240",3
"27360",3
"51490",3
"76780",3
"59142",3
"63250",3
"77300",2
"13480",1
"29350",3
"59224",2
"84450",1
"81570",3
"78500",1
"97350",3
"57250",2
"02790",3
"47550",2
"89440",3
"71510",3
"66140",1
"78860",2
"06750",3
"07600",3
"85470",3
"38390",3
"93110",1
"12100",3
"21580",3
"78870",1
"93240",1
"80390",3
"13003",1
"22390",3
"27180",1
"39300",2
"54290",3
"36220",3
"01480",2
"13720",1
"57230",3
"59440",3
"16150",3
"21420",3
"97640",3
"69630",2
"69260",1
"17123",3
"16620",3
"94290",1
"83870",3
"59227",3
"34700",3
"36350",3
"41600",3
"41360",3
"66550",3
"88150",2
"48140",3
"59990",1
"15230",3
"37380",3
"57380",3
"57700",2
"57935",3
"70120",3
"43360",3
"43400",3
"47270",3
"13560",3
"16250",3
"16510",3
"12110",3
"69450",1
"56440",1
"53440",3
"07520",3
"60117",3
"90140",3
"14910",2
"60930",3
"19250",3
"27520",3
"60570",3
"63830",1
"63640",3
"27100",2
"35740",1
"85220",3
"85280",3
"34880",1
"64140",1
"84750",3
"73340",3
"20287",3
"30240",2
"77139",3
"52370",3
"80460",2
"77515",2
"89210",3
"97280",3
"97313",3
"14640",2
"67760",2
"02420",3
"74800",2
"27000",1
"44380",1
"54330",3
"20260",2
"77123",3
"66820",3
"84110",3
"67880",3
"17300",3
"95720",3
"38380",3
"54640",3
"80270",3
"18700",3
"77145",3
"59000",1
"16430",3
"59740",3
"77810",2
"83430",1
"31320",3
"52230",3
"55100",3
"54118",3
"45370",3
"60110",2
"04220",3
"64700",3
"70160",3
"16700",3
"54390",2
"87280",1
"13610",1
"33210",2
"79190",3
"17780",3
"73250",3
"88450",3
"13950",1
"17750",3
"20121",3
"25130",3
"63420",3
"30110",3
"43170",3
"76100",1
"71330",3
"80710",3
"22000",1
"13620",1
"97312",3
"69320",1
"73730",3
"73100",3
"91560",1
"06440",3
"15350",3
"59274",1
"73710",3
"97424",3
"20141",3
"80200",3
"78970",2
"79300",3
"86100",2
"86300",3
"94460",1
"78670",1
"83860",3
"45560",1
"66470",1
"66800",3
"68520",3
"95800",1
"18210",3
"31340",3
"48130",3
"59600",3
"04170",3
"57980",3
"44540",3
"44350",2
"44360",3
"21150",3
"32550",3
"06950",1
"77590",2
"64560",3
"62300",1
"16380",3
"03140",3
"59132",3
"42370",3
"61600",3
"72380",3
"19800",3
"22510",3
"27370",3
"63970",3
"49490",3
"85480",3
"94380",1
"62960",3
"76430",3
"20124",3
"33141",3
"27540",3
"56430",3
"58420",3
"58440",3
"17000",1
"31530",3
"33990",3
"30480",3
"73110",3
"67920",3
"43110",2
"65670",3
"57350",2
"67960",1
"65410",3
"17138",1
"27870",3
"59141",3
"67810",1
"93150",1
"54116",3
"88410",3
"97419",3
"71710",3
"80370",3
"53250",3
"67117",3
"74890",3
"80860",3
"04300",3
"02600",2
"63390",3
"27500",2
"57880",3
"53110",3
"78550",3
"35490",3
"25140",3
"49124",1
"25580",3
"77470",1
"35700",1
"31210",3
"74390",3
"02110",2
"02150",3
"30129",1
"20122",3
"97411",3
"80500",3
"79430",3
"93700",1
"94240",1
"77720",3
"84560",3
"83140",1
"31100",1
"68490",3
"88100",3
"45250",3
"54000",1
"54100",1
"59910",1
"81430",3
"57600",2
"57970",3
"74550",3
"63300",2
"44420",3
"05460",3
"77138",3
"13112",1
"62530",1
"13980",3
"62230",1
"11370",3
"03700",3
"42155",3
"01540",3
"01310",3
"70240",3
"72470",3
"19110",3
"60600",3
"42740",1
"85300",2
"85740",3
"29450",3
"46300",3
"62113",2
"35630",3
"38630",3
"77550",3
"60680",3
"49270",3
"38260",3
"66200",2
"91700",1
"68530",3
"33300",1
"19510",3
"26260",3
"41190",3
"61550",3
"33126",3
"45770",1
"66510",3
"81380",1
"14000",1
"90330",3
"56250",1
"29890",3
"73130",3
"82350",3
"31870",3
"31200",1
"85400",3
"63930",3
"78850",2
"38690",3
"59800",1
"73350",3
"62153",1
"83440",3
"86190",3
"35320",3
"43120",2
"07260",3
"85260",3
"18100",3
"18120",3
"53150",3
"78910",3
"58660",2
"80960",3
"01430",3
"11220",3
"06590",3
"59250",1
"20164",3
"30127",2
"17840",3
"67330",3
"78710",1
"84370",3
"33130",1
"34730",2
"36360",3
"66190",3
"59730",3
"25210",3
"39260",3
"82700",3
"04130",2
"33980",3
"40090",2
"57515",2
"44150",3
"05110",3
"64470",3
"13430",2
"47390",3
"03000",3
"29290",3
"42320",1
"56110",3
"12470",3
"50670",3
"19270",3
"19320",3
"27920",3
"22400",2
"29910",3
"35440",3
"01410",3
"27550",3
"44390",3
"60520",3
"34680",1
"95880",1
"87270",3
"15340",3
"51480",3
"59830",2
"94200",1
"83780",3
"63117",2
"73470",3
"62680",1
"64660",3
"30140",3
"80440",3
"27720",3
"57170",3
"74130",2
"97129",3
"81370",2
"03510",3
"73790",3
"59290",1
"44250",2
"57430",3
"67203",1
"46110",3
"67310",3
"33920",3
"11240",3
"70500",3
"14990",2
"57405",3
"33330",3
"27680",3
"69760",1
"54930",3
"42700",1
"67440",3
"76850",3
"59152",1
"92400",1
"11490",3
"50230",3
"44730",2
"67450",1
"28210",2
"74440",3
"02160",3
"69500",1
"34250",2
"17520",3
"80770",3
"67630",3
"95150",1
"78420",1
"31600",2
"41240",3
"66670",3
"66600",1
"68600",2
"54425",1
"51470",1
"43290",3
"71480",3
"06100",1
"65710",3
"47170",3
"61130",3
"43750",2
"39170",3
"63140",2
"06650",1
"77163",3
"20248",3
"62170",3
"29660",3
"29530",3
"76170",2
"14380",3
"26120",3
"61270",3
"22750",3
"63810",3
"35310",3
"35220",2
"11320",3
"30133",1
"47120",3
"08090",3
"20172",3
"74200",2
"83420",3
"31860",2
"74560",3
"74490",3
"57130",1
"95340",2
"53100",3
"57570",3
"68125",1
"61470",3
"13160",2
"27490",3
"46310",3
"42190",3
"88600",3
"59264",1
"79290",3
"35530",1
"92310",1
"94700",1
"88120",2
"63820",3
"62150",3
"68150",3
"35760",1
"78711",1
"57620",3
"74410",3
"80118",3
"56700",3
"60120",3
"59214",2
"54730",3
"34850",3
"51510",3
"95810",3
"74160",3
"02400",2
"33290",1
"80580",3
"44470",1
"66750",2
"68890",3
"73410",3
"57240",2
"23170",3
"69690",3
"54990",3
"01270",3
"78114",1
"13830",1
"50170",3
"88330",3
"73310",3
"63650",3
"20217",3
"33120",2
"97213",3
"69360",2
"34540",2
"34480",3
"17240",3
"68116",3
"68340",3
"78112",1
"86540",3
"91940",3
"83700",1
"33310",1
"31570",3
"59295",3
"04530",3
"25390",3
"04310",3
"33640",2
"58490",3
"89700",3
"89480",3
"88220",3
"44320",3
"43250",2
"06360",1
"77186",1
"44860",2
"53810",2
"52140",3
"29840",3
"60240",3
"60440",3
"22470",3
"54660",2
"44720",1
"57690",3
"82710",3
"21110",2
"13660",3
"97136",3
"77750",3
"91830",1
"48160",3
"73210",3
"29120",3
"30300",3
"58250",3
"06400",1
"22610",3
"91410",3
"89113",3
"38134",3
"77148",3
"67130",2
"38790",3
"50480",3
"59184",1
"57260",3
"08190",3
"97216",3
"75017",1
"59239",2
"08240",3
"79150",3
"82270",3
"35480",3
"42260",3
"47140",3
"03110",3
"07230",3
"50400",2
"60850",3
"03600",3
"17890",3
"59590",2
"88550",2
"29760",3
"44690",3
"54590",3
"63000",1
"69820",3
"74240",1
"73150",3
"02480",3
"69140",1
"76410",1
"97439",3
"67700",2
"95270",2
"86700",3
"77880",3
"36320",3
"57200",2
"37350",3
"71240",3
"57280",2
"40210",3
"39800",3
"32450",3
"13410",1
"64300",3
"20233",3
"16350",3
"16470",1
"62164",3
"12350",3
"29400",2
"59151",1
"69270",1
"42360",3
"42420",1
"76140",1
"01400",3
"14670",3
"44840",1
"53390",3
"60100",1
"52160",3
"60480",3
"61340",3
"21910",3
"30610",3
"20148",3
"80300",3
"84870",3
"67380",1
"43510",3
"97240",3
"59122",3
"20275",3
"50180",3
"25470",3
"71430",3
"17570",2
"10190",3
"18160",3
"89360",3
"71550",3
"38220",3
"21000",1
"34720",3
"97330",3
"50390",3
"12510",3
"26500",1
"44200",1
"57660",3
"91650",3
"44410",3
"21820",3
"30730",2
"50510",3
"80110",3
"35680",3
"57535",2
"69590",3
"05160",3
"46000",2
"95710",3
"13530",1
"22630",3
"39200",2
"16220",3
"97131",3
"47200",2
"47450",3
"90150",3
"50680",3
"60250",3
"62120",3
"45550",3
"05560",3
"02540",3
"78620",2
"66440",1
"83131",3
"91340",2
"76133",1
"75005",1
"40990",2
"68300",1
"34770",2
"73360",3
"34150",3
"34280",2
"17190",3
"20111",3
"67204",2
"62750",1
"77730",3
"78210",1
"94270",1
"84320",1
"91190",1
"97123",3
"55150",3
"55320",3
"55000",2
"31830",2
"36140",3
"92800",1
"48260",3
"51110",2
"59520",1
"04850",3
"57630",3
"58470",3
"40100",2
"70000",2
"93450",1
"46190",3
"77390",3
"13370",3
"64500",2
"62450",3
"49300",2
"29420",3
"29252",3
"38970",3
"42210",2
"76210",2
"01200",2
"53640",3
"07110",3
"14740",3
"60650",3
"63990",3
"61210",3
"35750",3
"60430",3
"24610",3
"59219",3
"46130",3
"29100",2
"45800",1
"87480",3
"32800",3
"38860",3
"78830",3
"14540",3
"29950",3
"13008",1
"40400",3
"92150",1
"23400",3
"44290",3
"59176",2
"69680",1
"16800",1
"23230",3
"13005",1
"63410",3
"76116",3
"16560",3
"07350",3
"68310",2
"54600",1
"71990",3
"30350",3
"52220",3
"29470",1
"91360",1
"88250",3
"21350",3
"67620",3
"80360",3
"35111",3
"49140",3
"59551",3
"85510",3
"87290",3
"37230",1
"91330",1
"31330",3
"91370",1
"93420",1
"53170",3
"82240",3
"62176",3
"68240",2
"95460",1
"04600",3
"18130",3
"14620",3
"01220",3
"61320",3
"29200",1
"02370",3
"69200",1
"69740",2
"76380",1
"20173",3
"30980",1
"34390",3
"17400",3
"80260",3
"68170",1
"94490",1
"84140",1
"91530",2
"97320",3
"83149",3
"24470",3
"33133",3
"54470",3
"36310",3
"71420",3
"58400",3
"63120",3
"43700",2
"44630",3
"77210",2
"23000",2
"26700",3
"12390",3
"38710",3
"01550",3
"01500",2
"53120",3
"72350",3
"49370",3
"14860",3
"63380",3
"63440",3
"38142",3
"35132",1
"85130",3
"83790",3
"88270",3
"13103",3
"32330",3
"47240",3
"75007",1
"77183",1
"50330",3
"34220",3
"69001",1
"59286",1
"29370",3
"78180",1
"41270",3
"08110",3
"34620",3
"59252",1
"77220",2
"42490",1
"22480",3
"13870",3
"71270",3
"84820",3
"91100",1
"37000",1
"50210",3
"23200",3
"95520",1
"62290",2
"57720",3
"01330",3
"04350",3
"59940",3
"71580",3
"77100",1
"25460",1
"69700",1
"12360",3
"91730",2
"34750",1
"17700",2
"06570",1
"44119",3
"19560",3
"26800",3
"53270",3
"47510",2
"57870",3
"63570",3
"33490",3
"21490",3
"01600",2
"03240",3
"89430",3
"89350",3
"56950",3
"86500",3
"56630",3
"01580",3
"07460",3
"42840",3
"62560",3
"14230",3
"12410",3
"29640",3
"49430",3
"88300",3
"08400",3
"52250",3
"78760",2
"59254",3
"97234",1
"76980",3
"20166",3
"62740",1
"94440",2
"84740",1
"87470",3
"10290",3
"57140",3
"54129",3
"04230",3
"39000",2
"71370",3
"82140",3
"04800",3
"58360",3
"32220",3
"64460",3
"11100",2
"11230",3
"59173",3
"69220",2
"76120",1
"49110",3
"60280",1
"63460",3
"41130",3
"33320",1
"83230",2
"24650",2
"69100",1
"34820",3
"34550",3
"04000",3
"13230",2
"45210",3
"35140",3
"65100",3
"07200",2
"95200",1
"59100",1
"02850",3
"05220",3
"16370",3
"13016",1
"67120",2
"79160",3
"20200",2
"82600",3
"58230",3
"39520",3
"80970",3
"80910",3
"31780",1
"54135",2
"57070",1
"45480",3
"58350",3
"84760",3
"97114",3
"68040",1
"68610",2
"12210",3
"66460",3
"12340",3
"19450",3
"22600",2
"21390",3
"20247",3
"23800",3
"59251",2
"74540",3
"94340",1
"14123",1
"59216",3
"42300",1
"20130",3
"34160",3
"30111",3
"74400",2
"23430",3
"97625",3
"72800",3
"77124",1
"97680",3
"73240",3
"34570",1
"94310",1
"91140",1
"87430",1
"57150",2
"31190",3
"36180",3
"88400",2
"09000",2
"59470",3
"25480",1
"37390",1
"06110",1
"74520",3
"89116",3
"21220",3
"32380",3
"13510",1
"29520",3
"42520",3
"01190",3
"01110",3
"14630",3
"22970",2
"60530",3
"22320",3
"22420",3
"29850",1
"12290",3
"93350",1
"27480",3
"74940",1
"92250",1
"57650",2
"18150",3
"53290",3
"14950",3
"29630",3
"11400",2
"90370",3
"34140",3
"67000",1
"33510",2
"20167",1
"48240",3
"13190",1
"42120",3
"62159",3
"62152",1
"06480",1
"95530",1
"54385",3
"16440",3
"64130",3
"97413",3
"51150",3
"57300",3
"72560",3
"21560",1
"09250",3
"69115",3
"33125",3
"53260",3
"91670",3
"77122",3
"91590",2
"01130",3
"57455",2
"13810",3
"35800",3
"60390",1
"59530",2
"57330",3
"76800",1
"83890",3
"72120",3
"84230",3
"28220",3
"95590",2
"74100",1
"30640",2
"80340",3
"80136",1
"79170",3
"80115",3
"78800",1
"87460",3
"83370",1
"87360",3
"46600",3
"55130",3
"31410",3
"66730",3
"95770",3
"54121",3
"05290",3
"15220",3
"71640",1
"40250",3
"58640",2
"58260",3
"63330",3
"25000",1
"13105",1
"77115",3
"62280",1
"62231",1
"13740",1
"62330",2
"12270",3
"38490",3
"38670",2
"59136",1
"14730",1
"90200",3
"81350",3
"94450",1
"45390",3
"62410",1
"62129",3
"51220",3
"29430",3
"47180",3
"80150",3
"92410",1
"56300",2
"85000",2
"93500",1
"14650",1
"25150",3
"71570",3
"90110",3
"38330",2
"11420",3
"20169",3
"62550",3
"24150",3
"50220",3
"85770",3
"33690",3
"61390",3
"41800",3
"07270",3
"16240",3
"97134",3
"84330",3
"26250",2
"95850",3
"53300",3
"68320",2
"97418",3
"63890",3
"81100",2
"22380",3
"56260",1
"01230",3
"16120",3
"14110",2
"17610",3
"79200",2
"93300",1
"25250",3
"97600",1
"02870",3
"30700",2
"34080",1
"16570",3
"20137",3
"97429",3
"20136",3
"79800",3
"67670",3
"97116",3
"24550",3
"24160",3
"55290",3
"81240",3
"06160",1
"44500",2
"21230",3
"20245",3
"16500",3
"62620",2
"49510",3
"29460",3
"29150",3
"29300",3
"59131",2
"76230",1
"60500",2
"07150",3
"07300",2
"07000",2
"50380",3
"60000",1
"42620",3
"33700",1
"01800",3
"14850",2
"14490",3
"43000",2
"57855",1
"72220",3
"93210",1
"67980",2
"89100",2
"64490",3
"17630",2
"11510",3
"21340",3
"30500",3
"21470",3
"86180",1
"63370",1
"68400",1
"94390",1
"38580",3
"97126",3
"41210",3
"05150",3
"17470",3
"20190",3
"64480",3
"78170",1
"23420",3
"01170",2
"38950",3
"54119",3
"22730",2
"83670",3
"11260",3
"90130",3
"91930",3
"59199",1
"78113",3
"87330",3
"73230",1
"36160",3
"84850",3
"71100",1
"91260",1
"59110",1
"59237",1
"88320",3
"83520",3
"91660",3
"27340",2
"76880",3
"10110",3
"40560",3
"83460",3
"69005",1
"78460",3
"59670",3
"06000",1
"74260",3
"69124",2
"52500",3
"14770",2
"62199",2
"02310",3
"17730",3
"17140",1
"78810",2
"94600",1
"78220",1
"83910",3
"54760",3
"31380",3
"10000",1
"59620",3
"25610",3
"81600",3
"88350",3
"23480",3
"26770",3
"20259",3
"12230",3
"03260",3
"56190",3
"56100",1
"76111",3
"14290",3
"14690",3
"14830",2
"50350",2
"50240",3
"19200",2
"27590",2
"42750",3
"30870",1
"66410",1
"94800",1
"67112",2
"73600",3
"02840",3
"28320",3
"62590",1
"08310",3
"42111",3
"50750",3
"93390",1
"61190",3
"77111",3
"62137",1
"62158",3
"85150",3
"49230",3
"95190",2
"04120",3
"19400",3
"14250",3
"54340",2
"09460",3
"93430",1
"57050",1
"11310",3
"30540",1
"20272",3
"29920",3
"42480",2
"46170",3
"73440",3
"06200",1
"60340",2
"57270",2
"88580",3
"84830",3
"59187",1
"81310",3
"12630",3
"52170",3
"58140",3
"33470",2
"78720",3
"05260",3
"94120",1
"86150",3
"38590",3
"87920",1
"09100",2
"88000",2
"60860",3
"31470",3
"59186",3
"20150",3
"30290",3
"30360",3
"17360",3
"97437",3
"97434",3
"95230",1
"80120",3
"86140",3
"93370",1
"97316",3
"83100",1
"54460",3
"68780",3
"51130",3
"54111",3
"06300",1
"81360",3
"74950",3
"44522",3
"21360",3
"06690",1
"06660",3
"77500",1
"77120",3
"64420",3
"16130",3
"16360",3
"62173",3
"11270",3
"29190",3
"59123",1
"38830",3
"14700",3
"26390",3
"50620",3
"22650",3
"27350",3
"63490",3
"29870",3
"35134",3
"85520",3
"72000",1
"38940",3
"63114",3
"05330",3
"76510",3
"43220",3
"66760",3
"75009",1
"57810",3
"12460",3
"85570",3
"95440",1
"79350",3
"60490",3
"51340",3
"79180",1
"09160",3
"33000",1
"22780",3
"87130",3
"57500",2
"69560",2
"18290",3
"50770",3
"14710",3
"97340",3
"04400",3
"12800",3
"43520",3
"31390",3
"69400",2
"76530",1
"04240",3
"67480",3
"76840",1
"49400",2
"53540",3
"67115",1
"17180",1
"10180",2
"16340",1
"56870",1
"08600",3
"46250",3
"26600",3
"60550",2
"71470",3
"08300",2
"54250",2
"35113",3
"35360",3
"68390",1
"62260",3
"21800",1
"59270",3
"14190",3
"28230",2
"34790",1
"59272",1
"69300",1
"67640",1
"20118",3
"67170",3
"80780",2
"94150",1
"84260",3
"91710",2
"33390",3
"33350",3
"59259",1
"55120",3
"31800",2
"48320",3
"54370",3
"71120",3
"65460",2
"63240",3
"63116",3
"44460",3
"39310",3
"13180",1
"20256",3
"11210",2
"38640",1
"49690",3
"56530",1
"76110",3
"26200",2
"52100",3
"50800",3
"27780",3
"24130",3
"85170",3
"36120",1
"33110",1
"59492",2
"57560",3
"62210",1
"85530",3
"33540",3
"46330",3
"20232",3
"40700",3
"25660",1
"27440",3
"53500",3
"01320",3
"16390",3
"13280",2
"22830",3
"34240",3
"55600",3
"78660",3
"92260",1
"28100",2
"91860",1
"30128",1
"35137",3
"66120",3
"29160",3
"95820",2
"26620",3
"78000",1
"87800",3
"38780",3
"50890",3
"10400",2
"34920",1
"91450",1
"59255",2
"06460",3
"59166",1
"59241",3
"95680",1
"74170",2
"95660",2
"22550",3
"56640",3
"72170",3
"85180",2
"02380",3
"28380",2
"59880",1
"36290",3
"57360",2
"67340",3
"35235",1
"40600",2
"02510",3
"40280",3
"49630",3
"77151",3
"66320",3
"85420",3
"85140",3
"25550",3
"05600",3
"35120",3
"59263",1
"06230",1
"08260",3
"42160",2
"53470",3
"80550",3
"78270",3
"77178",2
"54123",3
"68640",3
"72330",3
"30920",2
"71450",2
"25930",3
"59117",1
"24440",3
"33740",2
"38570",3
"35580",3
"64390",3
"46160",3
"50810",3
"69770",3
"19600",3
"95390",1
"54180",1
"68480",3
"02670",3
"27430",3
"73700",2
"20168",3
"30000",1
"30800",1
"30330",3
"34430",1
"17111",3
"97431",3
"80610",2
"80880",2
"67930",3
"68460",1
"62970",1
"62820",1
"78590",1
"94500",1
"83560",3
"24450",3
"33100",1
"46800",3
"54500",1
"54920",3
"41100",3
"88170",3
"10380",3
"10160",3
"58190",3
"08450",3
"59494",1
"37500",3
"71130",2
"04210",3
"40330",3
"57490",2
"44430",3
"75019",1
"77410",2
"47800",3
"11360",3
"03130",3
"56920",3
"56380",3
"56650",1
"53400",3
"01700",2
"19190",3
"97217",3
"77131",3
"94130",1
"38070",2
"37270",3
"49620",3
"14550",1
"27760",3
"07580",3
"91800",1
"60540",3
"58160",3
"66300",3
"48400",3
"26230",3
"42152",1
"57310",2
"67190",2
"03340",3
"78310",1
"07130",2
"49112",1
"50470",3
"54630",2
"94250",1
"02690",3
"37340",3
"38350",3
"67860",3
"70200",2
"44480",1
"91440",1
"24510",3
"13123",2
"57415",3
"27470",3
"02810",3
"60330",2
"76240",1
"74290",3
"54870",3
"97224",3
"50850",3
"89310",3
"30170",3
"67610",1
"28270",3
"28140",3
"73800",2
"76660",3
"76480",1
"34350",3
"17170",3
"17410",2
"97417",1
"93120",1
"78560",1
"84350",3
"09700",3
"65140",3
"48230",3
"45260",3
"45160",1
"59810",1
"15290",3
"04340",3
"06190",2
"57460",2
"57815",3
"74570",3
"44230",1
"45500",3
"05250",3
"13007",1
"23250",3
"62130",3
"03320",3
"03800",3
"29610",3
"59135",2
"59149",3
"69390",1
"69650",3
"49680",3
"14470",3
"72460",3
"50630",3
"60950",3
"38230",2
"42580",1
"85200",2
"50740",3
"77310",2
"81490",3
"41310",3
"74420",3
"51270",3
"24800",3
"62490",3
"62232",2
"61300",3
"34190",3
"25820",3
"69540",1
"63940",3
"64122",3
"19290",3
"41120",3
"51380",3
"02140",3
"35770",1
"88380",3
"86290",3
"49520",3
"89130",3
"29970",3
"50700",2
"67350",2
"11440",3
"59139",1
"63760",3
"22720",3
"31450",3
"20253",3
"31260",3
"45340",3
"13150",3
"01851",3
"59143",3
"68980",2
"35380",3
"53480",3
"26170",3
"41260",2
"45450",3
"74650",1
"25500",2
"57445",2
"74450",3
"43240",3
"69150",1
"95700",3
"95470",2
"59195",2
"73330",3
"20157",3
"17160",3
"17480",3
"20145",3
"20129",3
"79400",3
"77780",3
"77690",3
"86800",3
"94420",1
"84840",3
"84380",2
"24540",3
"68500",2
"95420",3
"92420",1
"89270",3
"88190",2
"09190",3
"57120",2
"65360",3
"28330",3
"31160",3
"37550",1
"57520",2
"64260",3
"64190",3
"20243",3
"20218",3
"13730",1
"49100",1
"59137",3
"42122",3
"56510",3
"76220",3
"60138",3
"07210",3
"63880",3
"63540",1
"63780",3
"63480",3
"49560",3
"63790",3
"80480",1
"31360",3
"59178",3
"07630",3
"22540",3
"27410",3
"33520",1
"47290",3
"76280",3
"87310",3
"19100",1
"65430",1
"33140",1
"17800",3
"37120",3
"77710",3
"37240",3
"59190",2
"02320",3
"48330",3
"59164",2
"70310",3
"50290",3
"70360",3
"44000",1
"65130",3
"74960",1
"02700",2
"91350",1
"11150",3
"86580",1
"33870",2
"05140",3
"62132",3
"95370",1
"81330",3
"07510",3
"35830",1
"30310",2
"84310",1
"40420",3
"54220",1
"32130",3
"88210",3
"63600",3
"69130",1
"27170",3
"33190",3
"77850",2
"40160",3
"76930",1
"68970",3
"65500",3
"07610",3
"88260",3
"84600",3
"59690",1
"62221",1
"71520",3
"34110",2
"17270",3
"17290",3
"17600",3
"79310",3
"93170",1
"78920",2
"86450",3
"93260",1
"78190",1
"91880",3
"83580",3
"46090",3
"18300",3
"05700",3
"37200",1
"39250",3
"58800",3
"74970",2
"15100",3
"43210",3
"13111",1
"64400",3
"77260",2
"23220",3
"64360",3
"11590",3
"29140",3
"59120",1
"49590",3
"76113",1
"53350",3
"07430",2
"50130",1
"60800",2
"27600",2
"35890",3
"55270",3
"73120",3
"33890",3
"67140",2
"09600",3
"67580",2
"30600",2
"42350",1
"73000",1
"13340",2
"27790",3
"60128",2
"63210",3
"93380",1
"11130",3
"71440",3
"78111",3
"12490",3
"60162",3
"68740",3
"25790",3
"38160",2
"16310",3
"57180",2
"42680",3
"71960",3
"03200",2
"02430",1
"17320",2
"33114",3
"56780",1
"59174",1
"71250",3
"42140",3
"45750",1
"80700",2
"78290",1
"52110",3
"14350",3
"33660",3
"59630",3
"68990",1
"30940",3
"31240",1
"57710",3
"54710",1
"83120",3
"36170",3
"52800",3
"70180",3
"79330",3
"07170",3
"61230",3
"76190",2
"59231",3
"43340",3
"68510",3
"80870",3
"25380",3
"57685",1
"59850",2
"54350",2
"24580",3
"91070",1
"44560",3
"84150",3
"17110",2
"95130",1
"95510",3
"05100",2
"28500",2
"28110",1
"76790",3
"17920",3
"80670",3
"67660",3
"68370",3
"86530",3
"91910",3
"91320",1
"97125",3
"59180",1
"31540",3
"66210",3
"95330",1
"71220",3
"57412",3
"71170",3
"74700",2
"70170",3
"89460",3
"43100",2
"13520",3
"13540",1
"77157",3
"77450",1
"62187",1
"13640",1
"11000",2
"29310",3
"29740",3
"59146",2
"69009",1
"56890",1
"53320",3
"52340",3
"22100",2
"42660",3
"53600",2
"84510",1
"27800",3
"79410",1
"95170",1
"55430",2
"84160",3
"43430",3
"57865",1
"06310",1
"62145",3
"64510",2
"12400",3
"45110",3
"77320",3
"25680",3
"38730",3
"54510",1
"68220",2
"19550",3
"10310",3
"72110",3
"82160",3
"59258",3
"81800",3
"44650",3
"49330",3
"28000",1
"11330",3
"51360",3
"67530",3
"38370",2
"34320",3
"10440",1
"17590",3
"30120",3
"55200",3
"38080",2
"44760",3
"56620",1
"97115",3
"49570",3
"59150",1
"24430",3
"22200",2
"42640",3
"46140",3
"08120",2
"44660",3
"12190",3
"78820",2
"91080",1
"73660",3
"26410",3
"72260",3
"37360",3
"61360",3
"80630",3
"77140",3
"82300",3
"56000",1
"44620",1
"63150",3
"76640",3
"38890",3
"19380",3
"59710",3
"23450",3
"10600",2
"31280",1
"15190",3
"73550",3
"34470",1
"02440",3
"17260",3
"17620",3
"30250",3
"67207",1
"80250",3
"80560",3
"78580",2
"84500",2
"83270",2
"83720",2
"54420",1
"54480",3
"34990",1
"66450",1
"66240",1
"08460",3
"08270",3
"65370",3
"18340",3
"45200",2
"39150",3
"81220",3
"05380",3
"06700",1
"13170",1
"64170",3
"62180",3
"62215",3
"11480",3
"59168",2
"42000",1
"14210",3
"72270",3
"72370",3
"63850",3
"22300",3
"38200",3
"13090",1
"59242",2
"19170",3
"20244",3
"91090",1
"42230",1
"59860",1
"59890",1
"36240",3
"42380",3
"80135",3
"74910",3
"06530",2
"06500",2
"34660",1
"33930",3
"38090",3
"50270",3
"62124",3
"97319",3
"16230",3
"24620",3
"08320",3
"56600",1
"95870",1
"26510",3
"54170",3
"49240",1
"91790",2
"19300",3
"82190",3
"66480",3
"56520",1
"66360",3
"95410",1
"67470",3
"77230",2
"38800",1
"84250",2
"19140",3
"94300",1
"59980",3
"73160",1
"31420",3
"35600",3
"71530",1
"20239",3
"44780",3
"15800",3
"50570",3
"03470",3
"58600",2
"63620",3
"79420",3
"34610",3
"71870",3
"01590",3
"73490",1
"30126",3
"50300",2
"88290",3
"29170",2
"69170",2
"45570",3
"32000",2
"93200",1
"44510",2
"60155",1
"89560",3
"32300",3
"69510",3
"13130",2
"20236",3
"54810",2
"09800",3
"86260",3
"42170",2
"79600",3
"28310",3
"69840",3
"20170",3
"34380",3
"20115",3
"78990",1
"67840",2
"94320",1
"78340",1
"84300",2
"91180",1
"59268",3
"54910",3
"54530",3
"66570",1
"10320",3
"65390",3
"08360",3
"25360",3
"82250",3
"82110",3
"06150",1
"40440",2
"40310",3
"89570",3
"21570",3
"32440",3
"64430",3
"23120",3
"20230",3
"16290",3
"62143",1
"11160",3
"12200",2
"42100",1
"56360",3
"76330",3
"70230",3
"52320",3
"50000",3
"22770",3
"27510",3
"60310",3
"38290",3
"35130",3
"24310",3
"17460",3
"25720",1
"32150",3
"35620",3
"83150",2
"62223",1
"72550",3
"77400",2
"06910",3
"13470",1
"17550",3
"41000",2
"58220",3
"07590",3
"58320",3
"97290",3
"27310",3
"39100",2
"17100",3
"86440",1
"62122",2
"85630",3
"33580",3
"63500",2
"92240",1
"59157",2
"73870",3
"38880",3
"42110",3
"67850",2
"97416",3
"48110",3
"59281",3
"95640",3
"86320",3
"77670",2
"54620",3
"04160",2
"31560",3
"46220",3
"19410",3
"24590",3
"53210",3
"17250",3
"74350",3
"79100",2
"80800",2
"68250",3
"10390",3
"24600",3
"87340",3
"57370",3
"34120",2
"45730",3
"60580",3
"09340",2
"26140",3
"03430",3
"24270",3
"58450",3
"07360",3
"85550",3
"07570",3
